date,tavg,tmin,tmax,prcp,snow,wdir,wspd,wpgt,pres,tsun
2020-01-01,8.4,3.5,11.8,0,,354,7.2,,1022.5,
2020-01-02,7.1,3.7,8.7,1.5,,6,16.7,,1024.7,
2020-01-03,8.9,6.8,11.2,3.3,,354,11.7,,1023.2,
2020-01-04,10.4,5.3,14.4,0,,344,2.5,,1019.1,
2020-01-05,9.6,6.8,13.1,0,,351,8.7,,1011.6,
2020-01-06,5.4,4.4,7.5,6.6,,353,20.5,,1011.1,
2020-01-07,5.6,3.9,8.4,9.9,,347,14.9,,1018.8,
2020-01-08,6.8,4.4,9,0,,357,11.2,,1024.8,
2020-01-09,7.2,4.4,10.4,0,,356,6.5,,1026.4,
2020-01-10,8.6,3.7,12.6,0,,,2.1,,1024.1,
2020-01-11,9.1,5.9,13.9,0,,,1.7,,1023.2,
2020-01-12,10.6,7,15.4,0,,9,3.9,,1024.6,
2020-01-13,11.1,8.8,13.6,0,,357,4.9,,1026.5,
2020-01-14,9.3,6.8,13.9,0,,,2.4,,1025.9,
2020-01-15,10.9,7.6,13,0,,10,8,,1026.6,
2020-01-16,11.2,8.1,14.2,0,,358,10.4,,1024.1,
2020-01-17,10.2,8.4,11.4,0,,359,11.1,,1023.9,
2020-01-18,8.7,7.3,10,1,,356,7.7,,1024.1,
2020-01-19,8.4,6,10.6,0,,350,6.3,,1023.3,
2020-01-20,8.3,7,10.2,0,,7,7.9,,1034.3,
2020-01-21,7.6,4.5,9.4,0,,4,7.2,,1038,
2020-01-22,8.1,2.5,13.6,0,,,1.8,,1030.6,
2020-01-23,10.3,6.2,16.6,0,,4,5.9,,1025.8,
2020-01-24,8.6,5.2,12,0,,20,4.1,,1032.4,
2020-01-25,10.3,6.1,15,0,,51,3,,1028,
2020-01-26,12.2,9.6,15.8,0,,,2,,1025.3,
2020-01-27,13.1,11.2,17.7,0,,6,3.9,,1018.9,
2020-01-28,12.7,8.4,15.8,5.1,,314,8.3,,1016.8,
2020-01-29,13.9,9.4,20,0,,307,5.3,,1014.5,
2020-01-30,14.3,11.6,18.4,0,,329,11.4,,1015.9,
2020-01-31,12.2,7,17.1,0,,324,5.1,,1021.1,
2020-02-01,13.1,8.4,18,0,,298,4.4,,1018.8,
2020-02-02,12.8,9.6,18.6,0,,,2,,1019.3,
2020-02-03,13.9,10.4,19.4,0,,324,3.4,,1017.7,
2020-02-04,13.8,10.2,18.6,0,,318,3.5,,1010.7,
2020-02-05,12.4,7.8,16.1,0,,267,11.6,,995,
2020-02-06,5.9,4.1,9.1,4.8,,348,11.8,,1008.1,
2020-02-07,6.4,4,9,5.3,,340,9.9,,1020.1,
2020-02-08,5.8,3.3,8.9,0,,17,7,,1028,
2020-02-09,7.6,2.4,12.4,,,25,3,,1032.8,
2020-02-10,11.4,6.7,16.2,0,,331,6.1,,1026,
2020-02-11,15.2,12.6,18.9,0,,290,7.9,,1014.8,
2020-02-12,15.3,11.9,19.4,0,,353,5.3,,1014.5,
2020-02-13,13.2,10.7,18.1,0,,44,6.9,,1023.5,
2020-02-14,12.7,9.8,15.6,0,,102,5.1,,1020.6,
2020-02-15,12.4,10.9,13.6,1,,7,11.7,,1017.2,
2020-02-16,11.8,10,15.2,0,,0,14.1,,1027.5,
2020-02-17,11.9,9.2,15.8,0,,3,9.3,,1026.2,
2020-02-18,11.1,5.5,16.6,0,,65,2.7,,1020.6,
2020-02-19,12.3,8.8,17.7,0,,,3,,1018.4,
2020-02-20,12.4,9.1,16,0.3,,338,7.6,,1012.4,
2020-02-21,9.7,8.1,12.5,1.5,,346,13.5,,1018.4,
2020-02-22,7.8,5.2,11,0,,358,9.9,,1023.4,
2020-02-23,11.2,7.1,13.5,,,2,10.5,,1025.3,
2020-02-24,12.1,7.5,17.5,0,,8,3.2,,1018.2,
2020-02-25,14.1,10,18.8,0,,25,3.8,,1018.6,
2020-02-26,14.6,10,19.8,0,,141,5,,1011.5,
2020-02-27,14.8,12.1,18,0,,237,13.4,,1009.8,
2020-02-28,12.4,7.9,16.5,0,,303,8.4,,1013.2,
2020-02-29,10.6,7.5,14.5,0.3,,340,11.7,,1017,
2020-03-01,11.7,6.8,17.9,0,,23,3.7,,1020.2,
2020-03-02,13.6,9.1,18.3,0,,47,2.4,,1016.9,
2020-03-03,16.9,11.3,21,0,,141,11.5,,1014.6,
2020-03-04,16,13.2,18.8,0,,142,11.7,,1007.7,
2020-03-05,13.3,9.8,18.6,0,,326,4.2,,1007.4,
2020-03-06,14.1,9,18.8,0,,31,3.7,,1011.4,
2020-03-07,15.2,10.8,19.4,0,,124,9.1,,1012.8,
2020-03-08,17.2,15.2,19.5,0,,136,11.5,,1014.1,
2020-03-09,11.1,9.4,15.5,8.9,,332,6.4,,1009.3,
2020-03-10,13.2,9.8,17,20.1,,285,9.2,,1011.1,
2020-03-11,13.6,8.5,17.8,0,,,3.5,,1017.4,
2020-03-12,15.2,8.5,20.1,0,,4,8.1,,1018.2,
2020-03-13,19.3,13.3,24.1,,,0,9.3,,1012.3,
2020-03-14,16.6,12.8,21.6,,,36,3.2,,1012.9,
2020-03-15,14.9,11.6,20,0,,28,7.6,,1014.1,
2020-03-16,9.7,8.3,10.8,1.5,,11,20.7,,1025,
2020-03-17,10.6,7.2,15.2,0,,7,13,,1028.4,
2020-03-18,11.8,5.5,18.6,0,,29,6.9,,1024.1,
2020-03-19,11.7,8.6,16.2,,,7,10.7,,1025.2,
2020-03-20,13.8,6.7,19.6,,,2,6.5,,1021.3,
2020-03-21,15,9.3,21.9,0,,,3.7,,1017.6,
2020-03-22,14.8,12.2,18,0,,105,4.5,,1013.8,
2020-03-23,15,12.4,20,1,,24,3.8,,1012.3,
2020-03-24,14.7,11,19.9,5.8,,346,7.3,,1013.7,
2020-03-25,12.1,9.8,14.6,0,,29,11.4,,1015.8,
2020-03-26,12.2,10.4,13.2,5.1,,37,12.7,,1012,
2020-03-27,11.4,9.8,13,0.3,,1,10.5,,1011.6,
2020-03-28,12.6,7.6,18,14.2,,328,5.4,,1013.1,
2020-03-29,13.5,9,18.5,0.8,,320,4.2,,1011.5,
2020-03-30,14.4,10,20.1,0,,37,3.8,,1011.4,
2020-03-31,16.1,11.4,21.5,0,,5,9,,1011.2,
2020-04-01,13.8,10.3,17.8,0,,87,6.1,,1012.6,
2020-04-02,12.9,9,16.4,0,,335,12.1,,1010.6,
2020-04-03,11.3,9.5,13.4,0,,44,7,,1015.4,
2020-04-04,12.3,10.7,15.2,1.8,,28,12.6,,1009.3,
2020-04-05,12.1,9.4,14.8,6.9,,338,16.8,,1008.5,
2020-04-06,10.4,9.1,12,3,,350,17.5,,1019.5,
2020-04-07,10.8,9.3,12.9,0,,357,17.2,,1022.3,
2020-04-08,13.2,10.6,16.8,0,,4,19,,1020.9,
2020-04-09,15.1,11.1,19.6,0,,355,12.6,,1018.1,
2020-04-10,17.7,11.5,23,0,,350,9.4,,1017.1,
2020-04-11,18.8,10.6,25.1,0,,351,3,,1018.5,
2020-04-12,18.1,12,25.4,0,,17,4.4,,1020.7,
2020-04-13,17.3,11.2,23.2,0,,,3.2,,1020.3,
2020-04-14,17.4,11.2,24.2,0,,63,5,,1015.7,
2020-04-15,16.4,12.9,20.8,0,,27,12.5,,1012.2,
2020-04-16,14.4,11.1,18.6,0,,4,13.6,,1021.9,
2020-04-17,15.4,9.4,21.4,0,,,3.8,,1017.7,
2020-04-18,16.9,11.6,22.4,0,,,3.3,,1015.9,
2020-04-19,17.9,12.8,23.3,0,,,3.2,,1014.7,
2020-04-20,17.4,13.5,22.1,0,,61,4,,1011.2,
2020-04-21,16.9,13.8,20.8,0,,29,10.2,,1011.6,
2020-04-22,13.3,11,16.6,2,,5,17,,1015.6,
2020-04-23,14.8,11.7,17.8,0,,1,15.5,,1016.8,
2020-04-24,17.2,9.2,20.8,0,,349,12.1,,1013.2,
2020-04-25,18.3,8.9,23.3,0,,339,4.3,,1011,
2020-04-26,18.4,12.6,22.8,0,,285,4.1,,1009.9,
2020-04-27,19.3,12.6,23,0,,,3.8,,1011.8,
2020-04-28,20.9,12.8,25.2,0,,,3,,1014.8,
2020-04-29,20.8,14.2,23.2,0,,354,4.2,,1013,
2020-04-30,20.3,16.8,25.4,0,,301,9,,1010.1,
2020-05-01,20,15.2,25,,,309,5.3,,1011.3,
2020-05-02,19.8,15.4,24.4,0,,309,6.4,,1008.9,
2020-05-03,20.4,16.4,25,0,,304,8.6,,1006.3,
2020-05-04,18.7,15.4,23.4,0,,333,6.9,,1010.2,
2020-05-05,18.6,12.5,24.8,0,,310,5.7,,1015.4,
2020-05-06,20.7,14.9,25.8,0,,320,5.2,,1012.2,
2020-05-07,17.7,14.9,20.4,0,,18,9,,1012.6,
2020-05-08,18.8,14.2,23.9,0,,5,8.3,,1018.3,
2020-05-09,19.2,13.1,25.8,0,,186,4.8,,1018.2,
2020-05-10,20.2,15,24.6,0,,180,4.2,,1015.8,
2020-05-11,20.9,16.3,26,0,,104,6.4,,1014.9,
2020-05-12,23.4,19.1,28.4,0,,169,7.6,,1012.1,
2020-05-13,23,16.9,29.3,,,326,3.8,,1016.2,
2020-05-14,23.3,17.1,29.5,0,,,2.5,,1017.1,
2020-05-15,25,18.2,32.1,0,,,2.2,,1015.4,
2020-05-16,26.5,20.2,34.4,0,,44,3.1,,1015.8,
2020-05-17,27.6,21.4,35.2,0,,,2.4,,1016.7,
2020-05-18,25.6,19.7,31.8,0,,,2.4,,1016,
2020-05-19,26.4,21.2,33.8,0,,343,3.8,,1015,
2020-05-20,24.7,19.6,31.4,0,,157,4.8,,1008.7,
2020-05-21,23,20.3,27.4,0,,302,12.6,,1006.3,
2020-05-22,19.6,17,23.4,0,,11,13.3,,1016.3,
2020-05-23,20.4,14.4,27.6,0,,321,5.8,,1022.5,
2020-05-24,20.6,16,24.9,0,,145,5.7,,1023.1,
2020-05-25,21.1,17.3,25.2,,,50,7,,1019.1,
2020-05-26,16.1,13.2,22.8,4.6,,359,5.6,,1017.9,
2020-05-27,15.8,11.9,19.2,15,,340,8.5,,1017.9,
2020-05-28,17.3,13.1,23.4,0,,307,5,,1018.6,
2020-05-29,18.7,13.1,24.2,0,,283,4.7,,1016.6,
2020-05-30,19.7,14.8,24.4,0,,244,6.5,,1015.9,
2020-05-31,19.6,16.5,24.4,0,,124,4.8,,1014,
2020-06-01,19.2,15.1,26,0,,305,5.7,,1010.9,
2020-06-02,19.6,14.3,24.7,0,,275,5.5,,1009.8,
2020-06-03,20.8,16.6,26,0,,241,4.6,,1009.2,
2020-06-04,22.3,15.8,26.6,0,,168,5.8,,1012.4,
2020-06-05,22,16.5,26.8,0,,139,8.4,,1013.2,
2020-06-06,23.2,19,27.8,0,,151,7.4,,1007.9,
2020-06-07,22.8,18.1,27.4,0,,231,6.2,,1009.4,
2020-06-08,23.9,19.2,28.6,0,,232,4.7,,1009.7,
2020-06-09,24.2,19.8,28.6,0,,162,5.2,,1008.2,
2020-06-10,24.6,19.8,30.4,0,,281,5.2,,1009.3,
2020-06-11,24.5,21.5,28.8,0,,283,16.4,,1009.3,
2020-06-12,23.7,19.9,28,0,,290,10.7,,1009.1,
2020-06-13,24.1,19.1,28,0,,292,7.8,,1008.5,
2020-06-14,25.6,20.5,31.6,0,,274,7.3,,1007.9,
2020-06-15,26.2,20.7,31.2,0,,304,6.2,,1009,
2020-06-16,24.8,19.9,30.1,0,,283,7.2,,1008,
2020-06-17,24.9,20.3,28.6,0,,314,12.8,,1008.1,
2020-06-18,25.3,20,30,,,288,12.4,,1010.2,
2020-06-19,26.3,20.8,30.6,0,,287,9.7,,1011.7,
2020-06-20,28.4,21.6,31.4,0,,263,5.1,,1010.5,
2020-06-21,27.4,21.1,31.3,0,,167,5.3,,1005.8,
2020-06-22,23.2,19.6,29.1,0,,262,5.6,,1007.7,
2020-06-23,23,18.3,28.2,8.4,,233,5.3,,1010.4,
2020-06-24,25.1,20.5,28.5,0,,193,4.3,,1015.1,
2020-06-25,25.9,20.5,30.7,0,,356,5.5,,1017.1,
2020-06-26,26.9,22.3,30.6,0,,4,10.8,,1015.8,
2020-06-27,27.4,23.7,31,0,,3,13.1,,1014.2,
2020-06-28,28.1,21.5,32.6,0,,359,9.4,,1012.7,
2020-06-29,27.9,21.9,34,0,,297,6.6,,1010.4,
2020-06-30,28.9,22.5,34.8,0,,189,5.5,,1009.3,
2020-07-01,30.4,23.8,35.2,0,,84,6.3,,1010,
2020-07-02,31.1,26.2,35.2,0,,7,8,,1008.6,
2020-07-03,30.2,24.6,35.6,0,,8,7.1,,1007.8,
2020-07-04,29.3,23.8,35.6,0,,209,5.1,,1009.8,
2020-07-05,29.2,24.6,34.3,0,,346,9.4,,1007.7,
2020-07-06,28.2,24.3,32.4,0,,339,10.9,,1003.4,
2020-07-07,25.3,24,29.7,0,,339,5.7,,1003.2,
2020-07-08,27.5,23.6,32,19.3,,19,10.1,,1010.7,
2020-07-09,26.5,23.8,29.8,0,,5,12.9,,1014.7,
2020-07-10,27.2,23.1,31.9,0,,9,13.8,,1013.4,
2020-07-11,27.9,22,33,0,,355,7.4,,1012.5,
2020-07-12,28.8,22,33.4,0,,345,8.3,,1010.8,
2020-07-13,28.1,25.6,31,0,,12,12,,1010.2,
2020-07-14,26,22.7,29.4,0,,12,14.4,,1011.8,
2020-07-15,25.8,21.4,30.6,0,,8,7,,1013.9,
2020-07-16,25.8,21.1,30.6,0,,170,4.9,,1011.8,
2020-07-17,27,22.2,32.6,0,,62,5.7,,1009.5,
2020-07-18,27.4,21.9,33.3,0,,149,6.5,,1008.9,
2020-07-19,26.8,22,32.7,0,,200,5.7,,1010,
2020-07-20,27.8,22.5,33,0,,144,5.9,,1011.8,
2020-07-21,28.6,22.8,32.8,0,,29,7.8,,1014.3,
2020-07-22,29,25.3,32.4,0,,2,14.2,,1012.8,
2020-07-23,29.7,25.7,33.6,0,,3,15.1,,1008.8,
2020-07-24,30,25.1,34.4,0,,358,10.5,,1008,
2020-07-25,29.3,24.5,35.6,0,,11,7.9,,1008.3,
2020-07-26,27.7,22.9,33.4,0,,158,5,,1009.6,
2020-07-27,29.6,24.1,34.6,0,,356,5.4,,1011.6,
2020-07-28,30.5,26.2,34.2,0,,2,9.6,,1012.1,
2020-07-29,31.3,26.8,36.1,0,,0,13.7,,1012,
2020-07-30,32.2,27.7,36.4,0,,3,11.9,,1013.4,
2020-07-31,32.4,28,37.8,0,,3,7.9,,1011.5,
2020-08-01,31.2,25.3,38.3,0,,278,5.2,,1007.5,
2020-08-02,30.8,27.6,34.6,,,11,10,,1007.5,
2020-08-03,29.6,26.3,34.5,0,,9,11.9,,1010,
2020-08-04,27.8,23.4,32.3,0,,169,5,,1009.5,
2020-08-05,27.9,23.6,34.5,0,,168,5.5,,1008,
2020-08-06,28.1,24.1,32.9,0,,,5.8,,1008.6,
2020-08-07,26.6,23.5,30.8,0,,310,6.5,,1010.3,
2020-08-08,26.5,22.8,31.2,14.2,,305,5.9,,1009.1,
2020-08-09,26.2,20.7,30.6,0,,355,10.9,,1007,
2020-08-10,28.4,23.8,32,0,,3,14.7,,1010.6,
2020-08-11,29.2,23.2,33.8,0,,356,7.9,,1013.2,
2020-08-12,30.4,23.4,35.3,0,,354,7,,1012.2,
2020-08-13,30.1,24.8,34,0,,8,8.1,,1012.9,
2020-08-14,29.8,26,34.1,0,,8,9.3,,1012.6,
2020-08-15,30.8,24.3,35.3,0,,42,5.8,,1011,
2020-08-16,28.4,23.6,34.3,0,,29,7.9,,1009.5,
2020-08-17,27.8,24.4,31.4,0,,14,8.3,,1012.1,
2020-08-18,26.8,22.7,31.7,0,,159,5.2,,1010.1,
2020-08-19,26.6,22.5,32.4,0,,166,4.4,,1006.8,
2020-08-20,27.9,23.8,33.4,0,,355,5.3,,1008.1,
2020-08-21,28.2,23.8,32.6,0,,355,9.4,,1013,
2020-08-22,29.9,25,34.6,0,,8,8.9,,1013.4,
2020-08-23,30.4,24.2,35.1,0,,12,8.3,,1009.9,
2020-08-24,29.7,25.3,34.6,0,,11,8.4,,1008.8,
2020-08-25,28.9,23.6,35.1,0,,316,5.5,,1009.5,
2020-08-26,28.9,24.9,34.7,0,,65,6.2,,1011.6,
2020-08-27,28.3,23.1,34.3,0,,156,4.9,,1011.9,
2020-08-28,29.5,22.4,35.5,0,,357,6.3,,1009.8,
2020-08-29,29.3,22.6,35.7,0,,286,5.5,,1009.8,
2020-08-30,27.8,22.4,34.6,0,,204,3.8,,1011.4,
2020-08-31,30.4,22.3,38.4,0,,347,4.5,,1010,
2020-09-01,29.6,24,35.4,0,,179,3.4,,1006.6,
2020-09-02,29.1,24.2,34.7,0,,273,4.5,,1008.9,
2020-09-03,28.4,23.8,34.6,0,,182,3.9,,1013.8,
2020-09-04,29.1,24.2,33.8,0,,345,7.5,,1015.1,
2020-09-05,26.3,23.3,30.1,0,,14,11,,1016.3,
2020-09-06,27.1,22,32.7,0,,4,7.6,,1013,
2020-09-07,27.8,22.2,32.6,0,,352,5.9,,1013.8,
2020-09-08,29.3,22.8,33.8,0,,351,8.1,,1017.1,
2020-09-09,28.6,26.7,31.8,0,,0,15.7,,1017.6,
2020-09-10,28.3,25.6,32.8,0,,0,12.8,,1012.2,
2020-09-11,27.2,22,31.2,0,,358,8.6,,1010,
2020-09-12,27.6,22.3,31.6,0,,358,8.5,,1012.7,
2020-09-13,27.1,22.7,31.4,0,,3,10.3,,1016.6,
2020-09-14,27.4,24.7,30.6,0,,2,13.3,,1018.8,
2020-09-15,27.1,24,31.5,0,,358,12.8,,1017.2,
2020-09-16,26.5,24,31.6,0,,7,10.3,,1015.3,
2020-09-17,25.6,21.7,29.8,0,,128,5.7,,1013.1,
2020-09-18,26.1,24,30,0,,136,11.3,,1010.8,
2020-09-19,23.2,21.4,24.9,1.8,,67,10.8,,1012.8,
2020-09-20,22.2,20.8,26.2,0,,357,14.5,,1015.1,
2020-09-21,22.9,18.2,27.6,0,,352,8.6,,1016.4,
2020-09-22,23.5,18.7,29.2,,,321,6.1,,1017.7,
2020-09-23,24,19.6,29.6,0,,333,3.7,,1016.3,
2020-09-24,25.1,21.1,29.6,0.5,,308,4.2,,1012.9,
2020-09-25,25,20.6,31.3,0,,320,5.6,,1011.1,
2020-09-26,25.1,21.3,29.3,0,,189,11.3,,1003.9,
2020-09-27,23.6,19.1,28,0,,291,8.1,,1011.9,
2020-09-28,24.5,20.9,26.6,0,,143,8.4,,1015.6,
2020-09-29,24.2,21.7,28.3,0,,321,10.9,,1014.2,
2020-09-30,22.4,18.4,26.1,0,,311,8.2,,1011.9,
2020-10-01,21.8,17,27,0,,298,5.4,,1010.4,
2020-10-02,22.4,18.1,27.8,0,,136,4.9,,1013.3,
2020-10-03,25,20.5,29.4,0,,118,4.2,,1016.2,
2020-10-04,24.3,20.4,29.8,0,,129,4.6,,1016.6,
2020-10-05,24.5,21.4,30.1,0,,63,2.1,,1016.4,
2020-10-06,25.1,21.7,30.2,0,,28,3.5,,1015.2,
2020-10-07,25.5,21.4,33,0,,346,4.1,,1014,
2020-10-08,23.3,20.7,26.6,0,,321,9.1,,1011.3,
2020-10-09,21.3,17.4,26.7,,,351,4.9,,1016.3,
2020-10-10,21.7,16.9,27.7,0,,185,4.2,,1018.1,
2020-10-11,22.1,18.3,28.1,0,,116,4.1,,1015.5,
2020-10-12,22.7,18.8,27.4,0,,130,5.8,,1012.5,
2020-10-13,22.4,18.2,27.2,8.4,,210,12.7,,1009,
2020-10-14,21.9,18.1,27.1,0,,300,6,,1015.7,
2020-10-15,20.8,15.9,26.8,0,,184,4.6,,1018.1,
2020-10-16,22.8,19.5,26.8,0,,142,8.2,,1014.6,
2020-10-17,23.1,20.9,28.8,,,321,4.1,,1012.3,
2020-10-18,20.8,15.9,26,0,,321,5,,1014.8,
2020-10-19,19.3,16.7,22.8,0,,6,8.8,,1019.9,
2020-10-20,18.4,15,22.3,0,,5,10.7,,1022,
2020-10-21,17.8,15.8,20.2,0,,348,13,,1021.9,
2020-10-22,19.4,15.7,24.4,0,,1,7.2,,1021.7,
2020-10-23,19.8,14.3,26.5,0,,359,2.7,,1020.8,
2020-10-24,20.2,14.9,28.5,,,39,2.7,,1017.2,
2020-10-25,20.2,15.6,26.6,,,334,4.6,,1013.6,
2020-10-26,19.3,15.4,25,0,,306,3.5,,1014.8,
2020-10-27,19.1,15,24.4,0,,64,3.4,,1014.3,
2020-10-28,17.7,16,21.4,,,107,7.8,,1011.1,
2020-10-29,18.6,15.9,23.7,,,0,6.5,,1013.5,
2020-10-30,19.3,15.3,25,0,,353,4.1,,1017.8,
2020-10-31,18.3,15.4,22.5,0,,345,4.6,,1020.1,
2020-11-01,17.2,13.3,22.5,0,,356,5.6,,1019.9,
2020-11-02,16.8,12.8,22.7,0,,6,3,,1022.2,
2020-11-03,17.7,14.9,21.2,0,,333,2.3,,1019.8,
2020-11-04,18.6,15.1,23.1,0,,19,4.8,,1020,
2020-11-05,17.8,16.2,21,0,,11,9.6,,1023.4,
2020-11-06,16.7,15.9,17.9,0,,7,16.3,,1023.4,
2020-11-07,16.9,14.9,20.2,,,5,16.1,,1025.6,
2020-11-08,16.6,15,20,0,,6,11.6,,1023.3,
2020-11-09,16.9,13.5,21.3,0,,356,6.6,,1021.3,
2020-11-10,17.7,15.6,20.8,0,,6,13.7,,1021.2,
2020-11-11,17,14.9,19.9,0,,4,13.3,,1023.3,
2020-11-12,15.4,12.2,19,0,,354,5.1,,1024.9,
2020-11-13,16.7,12.9,21.1,0,,7,3.2,,1024.6,
2020-11-14,16.1,13,21.1,0,,5,3.6,,1023.9,
2020-11-15,15,10.1,20.8,0,,14,3.2,,1023.6,
2020-11-16,15.9,12,20.6,0,,,2.9,,1022,
2020-11-17,16.1,12.7,21,0,,65,3.7,,1023.1,
2020-11-18,15.3,12,18.2,0,,7,8.2,,1025,
2020-11-19,14.4,12.3,16.8,,,351,13.9,,1020.8,
2020-11-20,13.2,10.5,16.1,1,,354,12.2,,1015.4,
2020-11-21,13.8,10.7,16.5,0,,1,11.2,,1020.8,
2020-11-22,13.4,12.2,15.7,0,,3,10.9,,1027.2,
2020-11-23,13.1,9.3,17.7,0,,7,4.6,,1026.2,
2020-11-24,12.9,8.9,17.3,0,,357,6.7,,1021.7,
2020-11-25,12.8,12.6,14.2,,,0,14.4,,1021.5,
2020-11-26,13.5,10.9,17.2,0,,357,10.9,,1021.6,
2020-11-27,12.9,9.1,18.9,0,,355,4.3,,1021.5,
2020-11-28,12.8,9.8,19.2,,,104,3.2,,1020.6,
2020-11-29,16.3,13.7,17.8,,,142,7.4,,1016.3,
2020-11-30,15.2,12.9,19.1,4.1,,39,5,,1013.8,
2020-12-01,12.4,11.7,13.9,0,,24,9.4,,1018,
2020-12-02,13.1,10.3,15,0,,53,7.3,,1020.2,
2020-12-03,13.9,12,17,,,62,7.3,,1018.5,
2020-12-04,14.6,12.6,17,5.6,10,95,7.4,,1012.1,
2020-12-05,15.3,11.7,20.1,0,,54,2.8,,1015.7,
2020-12-06,15.9,12.8,20.2,0,,71,5.3,,1015.7,
2020-12-07,15.4,13,18.2,,,3,7.4,,1010.8,
2020-12-08,14.1,11.9,18.9,0,,333,3.7,,1014.8,
2020-12-09,17.1,12.5,19,0,,153,11.7,,1015,
2020-12-10,14.6,11.9,17.8,,,195,12.8,,1010,
2020-12-11,13.1,10.2,17.4,0,,158,6.6,,1009.4,
2020-12-12,14.8,12.1,18.2,,,185,6,,1001.4,
2020-12-13,14.2,12.2,16.4,8.9,,26,6.4,,1000.1,
2020-12-14,12.3,11.1,13.8,0,,345,12.5,,1002.3,
2020-12-15,12.9,11.5,15.4,0,,351,9.1,,1016.4,
2020-12-16,12.9,9.7,16.9,0,,12,6.9,,1023,
2020-12-17,13,9.4,16.6,0,,20,2.8,,1024.9,
2020-12-18,13.3,9.9,16.4,0,,5,2.6,,1026.1,
2020-12-19,12.9,9.2,16.8,0,,23,3.3,,1026.8,
2020-12-20,13.2,12.5,14,0,,43,4,,1025.8,
2020-12-21,13.1,10.3,15.3,0,,19,5.8,,1025.9,
2020-12-22,12.2,9.3,15.4,0,,21,4.1,,1026.1,
2020-12-23,12.4,9.8,16.9,0,,34,2.5,,1024.7,
2020-12-24,13.8,10.6,18.2,0,,348,2.8,,1021,
2020-12-25,15.1,12.9,19.4,,,31,4.8,,1017,
2020-12-26,16.1,12.9,20,0,,154,7.3,,1016.2,
2020-12-27,16.6,13.5,18.6,0,,156,15,,1014,
2020-12-28,14.8,11.9,18.2,6.6,,213,6.8,,1013.3,
2020-12-29,16.3,12.5,19.9,0,,181,10,,1016,
2020-12-30,16.4,14.8,19.9,0,,165,11.6,,1016.8,
2020-12-31,15.4,14,18.2,0,,175,11.5,,1014.1,
2021-01-01,12.5,9.4,17.4,0,,298,4.5,,1017,
2021-01-02,13.3,10.3,16,0,,,3.4,,1019.7,
2021-01-03,15.4,13.1,19.5,,,132,7.7,,1019.4,
2021-01-04,15.8,12.6,17.8,,,136,11.3,,1012.5,
2021-01-05,13.1,10.5,16.7,0,,307,7.3,,1016.6,
2021-01-06,13.7,9.6,18.1,0,,201,4.3,,1021.1,
2021-01-07,14.5,12,19.3,0,,147,3.2,,1018.9,
2021-01-08,16.3,13.8,20,0,,155,7,,1015.3,
2021-01-09,17.4,14.9,22.4,1,,145,6.8,,1013.2,
2021-01-10,17.4,14.4,20.6,0,,105,5.4,,1015.9,
2021-01-11,19.1,17.3,22.1,0,,163,11.4,,1014,
2021-01-12,17.2,13.9,20.1,0,,178,11.6,,1008.6,
2021-01-13,12.7,9.4,15.4,0,,319,7.7,,1008.1,
2021-01-14,10.5,8.2,13.9,0,,334,7.8,,1009.9,
2021-01-15,9.1,7.5,12.6,0,,13,11.6,,1011.9,
2021-01-16,5.9,4.3,8.4,2.3,,1,12.1,,1008.9,
2021-01-17,3.1,1.1,5.7,14.2,,338,12.9,,1014.6,
2021-01-18,4.9,1.3,7,0,,12,9,,1018.7,
2021-01-19,4.8,1.1,10.1,0,,343,5.1,,1024,
2021-01-20,7.5,2,13.6,0,,344,3.4,,1027.8,
2021-01-21,11.2,7.6,17.1,0,,353,3.3,,1027.5,
2021-01-22,12.6,9.3,16,0,,166,5.2,,1024.2,
2021-01-23,14.1,11.8,16.6,0,,182,14.2,,1017.2,
2021-01-24,12.4,8.4,17.6,5.1,,209,7.8,,1011.9,
2021-01-25,15.3,12.8,19,0,,250,10.1,,1008.8,
2021-01-26,14.3,10.4,16.1,0,,172,13.8,,1006.6,
2021-01-27,7.7,5.3,11.5,10.9,,317,13.3,,1005.9,
2021-01-28,6.4,3.5,9.7,0,,344,7.4,,1014.2,
2021-01-29,10.4,4.1,16.7,0,,277,3.5,,1013.6,
2021-01-30,14.9,9.9,19.6,0,,299,11.1,,1003.9,
2021-01-31,14.2,9.2,19.1,0,,145,9.2,,1008.1,
2021-02-01,15.3,12.9,17.1,,,154,11,,1006.2,
2021-02-02,14.7,11.6,20.1,0,,131,3.9,,1012.1,
2021-02-03,14,9.8,19.5,0,,23,2.3,,1017,
2021-02-04,14.5,10.9,19.7,0,,330,3.8,,1018,
2021-02-05,14.2,10.6,21,0,,25,2.5,,1020.1,
2021-02-06,14.8,10.1,21.1,0,,32,2.8,,1018.2,
2021-02-07,15.9,11.6,22.4,0,,125,4.9,,1015.3,
2021-02-08,17,15.6,19.8,,,171,14.6,,1009.1,
2021-02-09,15.5,12.2,20.4,0,,181,8.2,,1013.7,
2021-02-10,13,10.7,19.2,0.5,,312,5.2,,1015.5,
2021-02-11,15,12.5,19,,,194,11.4,,1010.7,
2021-02-12,13.4,10.4,19.2,,,358,7.4,,1016.8,
2021-02-13,10.6,10,11.6,0,,55,9.6,,1019.8,
2021-02-14,6.2,4,9.8,3.8,,356,15.4,,1016.8,
2021-02-15,2.7,0.7,5.3,0.8,,1,18.9,,1022.6,
2021-02-16,0.4,-0.4,1.7,4.3,,350,9.5,,1023.9,
2021-02-17,4.2,0.6,9.2,0,,344,3.1,,1023.2,
2021-02-18,8.6,3.3,14.6,0,,349,4.1,,1021.2,
2021-02-19,7.7,5,16.8,0,,353,4.3,,1026.4,
2021-02-20,11.4,8,15.1,,,15,2.9,,1025.9,
2021-02-21,10.6,7.7,13,,,13,9,,1027.6,
2021-02-22,10.8,5.2,17.7,0,,355,3.7,,1030.2,
2021-02-23,12.5,6.7,20.3,0,,29,2.7,,1029.9,
2021-02-24,14.3,8.2,21.7,,,17,6.5,,1030.1,
2021-02-25,14.3,11.8,18.2,0,,3,13.2,,1030.5,
2021-02-26,14.5,10.8,19.9,0,,1,8.4,,1026.6,
2021-02-27,13.4,9,20.6,0,,340,3,,1020.4,
2021-02-28,13,9.2,16,0,,9,9.4,,1023.6,
2021-03-01,11.6,6.9,16.8,0,,9,5.1,,1026.5,
2021-03-02,10.2,7.4,12.8,0,,7,13.1,,1029.6,
2021-03-03,11.8,5.1,17.3,0,,359,9.1,,1028.4,
2021-03-04,12.6,6.7,19.9,0,,357,3.8,,1024.4,
2021-03-05,14,9.4,20.2,0,,312,3.6,,1019.3,
2021-03-06,15.4,12.3,19.7,,,333,4.6,,1020.4,
2021-03-07,12.3,9.9,14.4,,,19,9.7,,1023.3,
2021-03-08,13.1,10.2,17.3,0,,100,4.9,,1018.4,
2021-03-09,14.2,11.5,20,0,,64,5.8,,1014.7,
2021-03-10,15,10.1,20.3,0,,359,3.4,,1011.8,
2021-03-11,11.7,8.4,14.7,0,,344,13.1,,1014.3,
2021-03-12,10.9,5.9,16.2,0,,1,4.7,,1021.8,
2021-03-13,13.3,8.4,17.6,0,,337,3,,1017.7,
2021-03-14,13.8,11.7,17.4,0,,9,3.4,,1013.5,
2021-03-15,12.9,9.7,19.8,0,,298,10.7,,1005,
2021-03-16,12.7,9.8,16.4,0,,302,17.4,,1005.4,
2021-03-17,12.5,8.6,17.7,0,,306,16.2,,1008.1,
2021-03-18,12.6,7.4,18,0,,296,12.6,,1013.5,
2021-03-19,14,10,19.2,0.3,,323,4.9,,1012.4,
2021-03-20,14.3,11.4,19,0,,4,4.4,,1012.9,
2021-03-21,15.3,12.9,18.6,,,56,6.9,,1007.2,
2021-03-22,16,13.4,21.7,,,232,7.9,,1000.7,
2021-03-23,10.8,8.4,13.2,,,355,13.2,,1005.8,
2021-03-24,9.3,6.3,14.4,0.5,,347,12.7,,1013,
2021-03-25,7.1,4.3,11,0,,10,10.6,,1019.7,
2021-03-26,9.9,3.6,15.7,0,,313,5.3,,1025.7,
2021-03-27,12.2,7.2,18.3,0,,267,4.6,,1028.2,
2021-03-28,13.8,8.6,20.2,0,,309,4.1,,1029.2,
2021-03-29,15.3,8.5,22.4,0,,17,4.9,,1028.1,
2021-03-30,14.7,12.3,18,0,,17,11.4,,1025.7,
2021-03-31,10,8.2,12.1,1.5,,358,14.7,,1021,
2021-04-01,11,8.8,14,,,353,9.2,,1018.5,
2021-04-02,14.4,6.7,20.9,0,,17,3.2,,1016.9,
2021-04-03,17.2,12.6,22.4,0,,260,5.4,,1014.3,
2021-04-04,18.3,15,22.8,0,,140,9,,1010.8,
2021-04-05,15.7,14.2,18.2,0.5,,57,8.4,,1012,
2021-04-06,16.6,12.3,21.9,0,,26,7.7,,1006,
2021-04-07,17.6,13.4,23.6,0,,280,9.3,,1008.8,
2021-04-08,13.4,9.2,18.7,0,,331,13.1,,1015.8,
2021-04-09,10.3,5.8,14.9,0,,1,10.7,,1026.9,
2021-04-10,11.7,5.6,17.6,0,,353,5.4,,1026.8,
2021-04-11,13.3,8.3,19.2,,,143,5.6,,1024.5,
2021-04-12,14.9,8.6,21,0,,134,4.5,,1023.4,
2021-04-13,15.7,11,22.1,0,,96,4.3,,1018.4,
2021-04-14,16.1,10.6,22.5,0,,307,3.9,,1015.6,
2021-04-15,16.4,10.7,21.2,0,,271,6.9,,1015.4,
2021-04-16,16.1,14.2,20.9,0,,63,7.8,,1015.8,
2021-04-17,17.3,14,22.8,,,50,9.5,,1011.5,
2021-04-18,16.1,14.3,19.6,0,,341,4.5,,1012.5,
2021-04-19,16.8,12.6,23,0,,305,8.1,,1012.6,
2021-04-20,16.2,12.9,21.2,0,,294,12.5,,1014.4,
2021-04-21,16.8,10.3,21.5,0,,291,8.6,,1018.7,
2021-04-22,17.7,10.6,24,0,,239,5.6,,1021.9,
2021-04-23,18.8,13,24.7,0,,91,5.7,,1019.9,
2021-04-24,14.9,13.3,17.3,3.8,,44,8.6,,1017.3,
2021-04-25,15.7,13.9,18.7,7.6,,357,12.9,,1014.8,
2021-04-26,16.8,10.3,22.9,0,,16,7.2,,1016.8,
2021-04-27,17.6,13.2,22,0,,115,5.7,,1013.9,
2021-04-28,19.9,13.9,25.4,0,,146,9.3,,1010.9,
2021-04-29,19.9,15,25.9,0,,243,3.9,,1012.9,
2021-04-30,21.8,15.2,27.9,0,,157,3.7,,1015.6,
2021-05-01,21.2,16.4,26.7,0,,123,2,,1015.3,
2021-05-02,22.1,17.6,27.3,0,,260,2.7,,1013.2,
2021-05-03,24.5,18.6,32.5,0,,330,5.6,,1013.1,
2021-05-04,24,20.3,29.7,0,,4,8,,1013.7,
2021-05-05,20.9,16.3,27.2,0,,322,4,,1012.5,
2021-05-06,21.8,18.3,27,0,,255,7.9,,1013.4,
2021-05-07,22.3,15.9,28.7,0,,105,4.7,,1014.2,
2021-05-08,23.6,19.3,31,0,,40,7.7,,1011,
2021-05-09,20.6,18.2,24,0,,14,15.1,,1019.4,
2021-05-10,20.2,16.1,25.8,0,,8,14.5,,1019.5,
2021-05-11,21.3,15.7,28,0,,3,10.4,,1015.1,
2021-05-12,19.5,13.7,26.1,0,,207,5.5,,1010.8,
2021-05-13,20.9,16.3,26,,,264,6.8,,1008.8,
2021-05-14,22.4,17.4,27.5,0,,291,10,,1012.9,
2021-05-15,19.2,15.6,25.5,,,355,3.6,,1011.9,
2021-05-16,20.8,15.6,27.1,0,,264,6.9,,1009.8,
2021-05-17,23,16.8,27.8,0,,275,7.7,,1010.7,
2021-05-18,23.8,18.4,30.2,0,,293,7.3,,1010.7,
2021-05-19,22.8,17.1,29,0,,189,4.8,,1012,
2021-05-20,22.2,19.2,27.1,0,,298,13.7,,1009.1,
2021-05-21,20.2,17.6,24.9,0,,338,13.1,,1013.7,
2021-05-22,20.7,15.2,27.5,0,,249,5.9,,1019.5,
2021-05-23,22.3,16.5,28.8,0,,237,4.1,,1018,
2021-05-24,23.7,17.9,30.2,0,,346,3.9,,1018.2,
2021-05-25,26.7,19.8,34.6,0,,28,4.3,,1016.6,
2021-05-26,25.1,20.2,31.7,0,,9,4.7,,1013,
2021-05-27,24.1,19.3,30.7,0,,274,4.1,,1010.7,
2021-05-28,23.9,19.1,29,0,,243,6.1,,1011,
2021-05-29,22.4,18.8,27.4,,,100,6.2,,1014.4,
2021-05-30,22.3,18.8,27.2,0,,164,4.2,,1013.4,
2021-05-31,22.7,18.2,27.7,0,,311,6,,1011.5,
2021-06-01,21.7,18.1,26.8,0,,275,10.5,,1012.1,
2021-06-02,20.5,16.4,26.4,,,309,7.4,,1017.7,
2021-06-03,21.8,16.3,28.1,0,,233,5.3,,1020.2,
2021-06-04,23.2,18.5,28.3,0,,54,6.6,,1021.4,
2021-06-05,21.5,17.3,28,,,133,5.3,,1020.9,
2021-06-06,23.3,17.7,28.3,,,113,4.9,,1017.3,
2021-06-07,26.7,20.3,30.7,0,,107,5.3,,1015.3,
2021-06-08,26.8,21,31.1,0,,88,6.3,,1013,
2021-06-09,23.7,20.5,27.7,,,3,6.2,,1011.8,
2021-06-10,23.9,19.3,28.6,0,,308,6.4,,1011.3,
2021-06-11,22.8,18.5,29.1,0,,317,5.5,,1012.3,
2021-06-12,22.9,18.7,27.2,,,245,4.2,,1014.1,
2021-06-13,25.2,19.6,29,,,260,4.8,,1014,
2021-06-14,20.9,17.6,25.7,2.3,,5,6.6,,1012.2,
2021-06-15,19.7,15.2,25.2,8.1,,318,6,,1013.6,
2021-06-16,22.8,17.1,28.5,0,,304,7.9,,1013.3,
2021-06-17,24.6,19.1,29.9,,,157,5.5,,1016.7,
2021-06-18,24.9,19.5,29.9,0,,168,5.5,,1015.4,
2021-06-19,25.9,21.4,31.5,0,,268,5.5,,1012.1,
2021-06-20,26.2,21.3,32.1,0,,164,5.3,,1010.8,
2021-06-21,26,22,29.9,,,138,5.2,,1011.5,
2021-06-22,26.9,22.6,31.4,0,,165,3.5,,1012.5,
2021-06-23,28.3,22.8,35.4,0,,169,4.2,,1013.6,
2021-06-24,29.1,24.5,35.6,0,,165,4.3,,1015.3,
2021-06-25,30,25.2,34.9,,,169,4.2,,1013.8,
2021-06-26,31.2,25.8,38.9,,,12,4.4,,1011.4,
2021-06-27,30.8,25.7,36.1,,,68,6.6,,1011.3,
2021-06-28,30.1,25,36.1,0,,48,5.8,,1014.2,
2021-06-29,30.3,25.1,36.1,0,,82,5.2,,1014.2,
2021-06-30,30.2,25.3,37.1,0,,164,4.4,,1012.8,
2021-07-01,31.2,25.2,36.2,0,,256,4.7,,1010,
2021-07-02,30.6,26.1,36.4,0,,290,9.1,,1007.5,
2021-07-03,28.5,25.4,33.6,0,,341,7.3,,1009.3,
2021-07-04,28.3,23.6,33.2,0,,206,6.6,,1011.2,
2021-07-05,28.1,23.6,33.3,0,,181,6,,1008.4,
2021-07-06,28.9,24,34.1,0,,111,5.7,,1008.8,
2021-07-07,30.3,24.5,36.4,0,,72,6.4,,1012.4,
2021-07-08,31.7,27.5,34.4,0,,12,11.6,,1015.1,
2021-07-09,29.4,26.3,33.7,0,,7,14.8,,1015,
2021-07-10,29.4,26,34.2,0,,3,14.1,,1011.7,
2021-07-11,29.8,25.3,34.5,,,3,11.2,,1010.3,
2021-07-12,30.9,24.6,36.5,0,,0,8.7,,1010.9,
2021-07-13,31.6,26.1,37.3,0,,359,9.5,,1011.2,
2021-07-14,32.2,27,37.5,0,,9,10.3,,1011,
2021-07-15,33.7,28.4,38.2,0,,13,8.7,,1009.6,
2021-07-16,31.4,25.4,37,,,333,6.8,,1006.7,
2021-07-17,29.2,25.7,35.5,,,204,6.3,,1004.3,
2021-07-18,28,23.7,32.2,0,,159,6.1,,1002.5,
2021-07-19,27.7,24.3,32.5,0,,152,6.9,,1005.6,
2021-07-20,28.2,24,33.7,0,,193,6.3,,1008.8,
2021-07-21,30.4,25.2,36.9,0,,77,5.3,,1010.6,
2021-07-22,28.8,26.6,32.8,0,,20,12.1,,1012.2,
2021-07-23,27.9,24.6,31.2,0,,8,12.5,,1012.3,
2021-07-24,27.4,24.2,32,0,,3,10.8,,1011.9,
2021-07-25,27.8,23.2,31.6,0,,7,11.7,,1013.2,
2021-07-26,28.9,24.7,34.6,0,,4,10,,1015.6,
2021-07-27,31.6,24.8,37.1,0,,7,9,,1016.1,
2021-07-28,33.3,28.6,37.7,0,,1,13,,1013.6,
2021-07-29,32.8,28.1,39.7,0,,356,9.7,,1011.6,
2021-07-30,31.9,25.9,40.1,0,,355,3.6,,1009.6,
2021-07-31,32.1,26.6,40,0,,145,2.9,,1007.5,
2021-08-01,32.9,26.1,39.7,0,,199,4.1,,1009.2,
2021-08-02,34.6,26.6,40.3,0,,298,3.1,,1010.2,
2021-08-03,34.6,27.8,43,,,309,3.8,,1011,
2021-08-04,32.8,28.2,39.6,0,,162,2.9,,1012.5,
2021-08-05,32.9,26.7,40.9,0,,223,2.9,,1010.4,
2021-08-06,31.3,27.2,36.5,0,,313,10.1,,1003.8,
2021-08-07,30.1,27.6,35.6,0,,3,8.9,,1008.1,
2021-08-08,28.8,23.7,33.7,0,,56,4.5,,1014.4,
2021-08-09,28.9,23.7,34.6,0,,193,4.4,,1015.9,
2021-08-10,29.6,24.5,36.8,,,160,3.4,,1014.9,
2021-08-11,31.7,25,36.6,0,,145,3.6,,1012.6,
2021-08-12,30.3,27.1,34.9,0.3,,13,11.3,,1013.9,
2021-08-13,30.6,27.1,34.7,0,,6,11.6,,1017,
2021-08-14,28.3,25.9,31.9,0,,5,14.9,,1017.4,
2021-08-15,28.4,25.3,32.9,0,,4,12.8,,1014.8,
2021-08-16,28.8,24,34.6,,,11,9.4,,1013.2,
2021-08-17,27.7,21.4,34.6,0,,204,4.7,,1011.2,
2021-08-18,28.9,24.8,34.2,,,159,4.3,,1008.4,
2021-08-19,28.9,25.1,34.2,0,,43,7.3,,1008.8,
2021-08-20,28.7,25.7,32.8,0,,21,10.9,,1012,
2021-08-21,28.8,25.4,33.8,0,,8,10.7,,1013.3,
2021-08-22,28.2,25.2,31.8,0,,7,11,,1014.1,
2021-08-23,28.2,25.2,32.9,0,,355,11.8,,1013.1,
2021-08-24,27.9,24,33.6,0,,9,7.6,,1011.6,
2021-08-25,27.4,22.5,33.6,0,,232,5.5,,1011.7,
2021-08-26,28.5,23.6,34.5,0,,135,5,,1010.6,
2021-08-27,29.7,25.6,34.3,,,283,5.9,,1009.3,
2021-08-28,28.2,23.7,32.9,,,240,7.6,,1008.5,
2021-08-29,28.6,23.9,34.3,0,,286,6.9,,1006.2,
2021-08-30,28.1,23.4,33,0,,233,7.8,,1008.9,
2021-08-31,27.6,23.4,32.8,0,,182,6,,1012.2,
2021-09-01,27.6,22.3,33.5,0,,248,6.3,,1012.7,
2021-09-02,26.2,23.9,30.5,0,,41,9.2,,1015.4,
2021-09-03,25.3,22.2,29.2,,,11,9.6,,1017.1,
2021-09-04,25.4,21.8,30.9,0,,14,8.6,,1014.8,
2021-09-05,25.9,23,30.7,0,,28,8,,1014.4,
2021-09-06,24.3,21.5,27.6,0,,9,15.3,,1016.3,
2021-09-07,23.3,21,26.6,0,,9,18.8,,1017,
2021-09-08,22,20.2,24.1,,,3,12.8,,1017,
2021-09-09,21.5,19,25.6,0,,341,8.4,,1016.6,
2021-09-10,23.1,18.9,29.5,0,,334,7.1,,1016.9,
2021-09-11,23.8,19.1,29.1,,,71,5,,1016,
2021-09-12,24.4,19.8,28.7,0,,14,7.2,,1012,
2021-09-13,25.3,21.7,29.6,0,,355,10.9,,1011.2,
2021-09-14,25.8,22.2,30.6,,,352,10.4,,1013.3,
2021-09-15,26.5,19.5,32.4,0,,352,5.4,,1016.1,
2021-09-16,25.2,20.3,31,0,,150,4.1,,1017.3,
2021-09-17,25.8,21,31,0,,158,4.3,,1015.5,
2021-09-18,29.2,22.7,34.4,0,,314,7.5,,1012.9,
2021-09-19,28.1,24.3,33.8,0,,308,5.9,,1013.7,
2021-09-20,28.2,22.3,33.5,0,,318,5.5,,1013,
2021-09-21,27.6,23.6,33,0,,336,6.6,,1015.9,
2021-09-22,24.2,22.3,27.6,0,,40,6.8,,1015.3,
2021-09-23,18.9,17.2,21.2,0,,17,11.1,,1016,
2021-09-24,19.9,13.6,26,0,,313,5.2,,1018.8,
2021-09-25,22.9,15.9,29.8,0,,214,4.2,,1019.1,
2021-09-26,24.1,17.7,30,0,,348,4.9,,1019.6,
2021-09-27,25.3,18.6,30.8,0,,353,4.8,,1016,
2021-09-28,25.3,21.1,31,0,,40,6.7,,1015.3,
2021-09-29,22.7,20.7,26.4,0,,12,11.4,,1017.4,
2021-09-30,20.9,19.2,24.6,0,,8,14,,1019.7,
2021-10-01,19.8,17.5,23,0,,6,15.3,,1019.9,
2021-10-02,18.9,17.1,22.3,,,3,14.1,,1019.7,
2021-10-03,19.6,16.6,24.2,0,,5,9.4,,1021.1,
2021-10-04,20.1,16.1,25.3,0,,13,9,,1021.5,
2021-10-05,20.4,16.8,25.4,0,,4,8.2,,1021.2,
2021-10-06,19.5,17.3,24.6,0,,15,10.3,,1020.8,
2021-10-07,19,15.2,24.5,,,53,6.3,,1017.1,
2021-10-08,19.3,17.4,22,,,75,6.2,,1014.7,
2021-10-09,20.6,17.7,26,,10,63,4.4,,1015.7,
2021-10-10,20.6,18.7,23.8,4.1,,79,5.7,,1017.4,
2021-10-11,21.8,17.1,27.1,,,193,7.2,,1014.2,
2021-10-12,18.9,17.2,23.3,,,295,7.2,,1008.7,
2021-10-13,19.8,14.9,25.5,0,,42,5.3,,1012.1,
2021-10-14,17.5,16,19.6,5.6,,99,6.3,,1012.8,
2021-10-15,19.7,16.2,23.6,79.2,20,132,11.1,,1008.3,
2021-10-16,19.9,17.6,24.4,2.5,,257,9.8,,1011.3,
2021-10-17,18.6,16.7,22.2,,,4,3.8,,1017.2,
2021-10-18,17.8,14,23.9,,,14,4.5,,1020.8,
2021-10-19,17.4,14.1,21.9,0,,10,7.6,,1025.3,
2021-10-20,16.9,13.4,22.7,0,,355,5.9,,1026.8,
2021-10-21,18.2,13.3,23.2,0,,128,3.3,,1023.3,
2021-10-22,20.1,16.1,25,0,,331,3.1,,1020.3,
2021-10-23,21.2,17.5,26.5,,,344,3.4,,1020.9,
2021-10-24,19.3,16.6,24,0,,32,5.4,,1022.1,
2021-10-25,15.4,14.4,18.1,2.3,,14,15.1,,1024.7,
2021-10-26,15.3,12.8,19.6,0,,15,11.6,,1022.1,
2021-10-27,15.4,11.6,20.5,0,,5,8.1,,1021.4,
2021-10-28,15.9,13,19.4,,,16,12.1,,1021.8,
2021-10-29,15.7,14.4,19.6,0,,24,12,,1020.1,
2021-10-30,16.1,12,20.3,0,,2,8.9,,1019.1,
2021-10-31,16.4,14.2,19.6,0,,3,7.9,,1018,
2021-11-01,15.6,10.9,20.8,0,,345,2.6,,1015.4,
2021-11-02,19.9,15.3,23.6,0,,130,7.2,,1011.1,
2021-11-03,19.5,14.9,25.7,0,,295,3.7,,1015.7,
2021-11-04,19.4,15.7,24.3,0,,132,4.4,,1019.9,
2021-11-05,19,15.8,23.8,0,,107,2.6,,1020.3,
2021-11-06,19.1,16.7,23.4,,,22,2.1,,1020.8,
2021-11-07,19.2,16.7,24,,,15,5.4,,1019.1,
2021-11-08,17.9,15.3,23,,,88,2.9,,1016.8,
2021-11-09,18.6,15.5,21.2,0,,78,3.9,,1021.1,
2021-11-10,15.4,12.9,18.1,,,4,14.1,,1028.7,
2021-11-11,13.7,12.2,16.3,,,9,13.9,,1024.4,
2021-11-12,13.9,9.4,19.2,0,,353,6,,1020.4,
2021-11-13,14.3,9.5,19.6,,,34,3.3,,1020.9,
2021-11-14,16.5,13.6,21,0,,61,2.9,,1020.1,
2021-11-15,16.1,15,19.4,0,,44,6.5,,1019.9,
2021-11-16,15.5,12.6,17.2,,,10,12.4,,1020.4,
2021-11-17,14.1,12.7,16,1.5,,26,7.1,,1020.9,
2021-11-18,15.4,13.4,19.2,0,,19,2.2,,1023.1,
2021-11-19,13.8,12.5,15.7,,,25,6.2,,1021.8,
2021-11-20,13.7,11,16.8,0,,358,7.5,,1018.8,
2021-11-21,14.8,11.3,20.7,0,,0,5.1,,1016.9,
2021-11-22,16.8,12.5,21.4,0,,144,7.3,,1016.8,
2021-11-23,17.8,14.7,21.5,1.5,,152,6.7,,1016.3,
2021-11-24,14.3,12.6,15.8,39.9,41,12,8.6,,1018.5,
2021-11-25,12.4,10.7,16.3,0,,15,7.2,,1019.7,
2021-11-26,13.7,10.8,18.2,0,,95,7.2,,1011.4,
2021-11-27,18.1,12.6,22.5,19.3,,172,9.3,,1009.3,
2021-11-28,17.5,13,21,4.6,,184,11.6,,1008.3,
2021-11-29,18.6,15.1,20.9,,,202,14.5,,1004.4,
2021-11-30,14.1,11.2,16.7,,,272,19.8,,1009.4,
2021-12-01,11.8,8.4,15.5,,,312,8.3,,1017.5,
2021-12-02,13.9,9.6,18.8,0,,300,4.6,,1015.1,
2021-12-03,17.3,13.9,19.9,0,,176,14,,1012.4,
2021-12-04,13.9,12.3,16.5,6.9,,160,7.8,,1009,
2021-12-05,13.6,9.7,19.2,0,,353,3.9,,1011.5,
2021-12-06,16,11.3,19.9,0,,175,14.1,,1008.6,
2021-12-07,13.8,11.9,16.4,5.1,,251,10.9,,1000.3,
2021-12-08,12,9.1,14.8,6.1,,313,9.2,,1008.9,
2021-12-09,15.1,9.3,19.8,0,,159,9.3,,1014.7,
2021-12-10,15.5,13.6,17.2,,,205,15.1,,1012,
2021-12-11,15.5,13.3,17,,,174,20.1,,1009.6,
2021-12-12,15.2,12.2,18.5,,,219,9.4,,1011,
2021-12-13,12.4,9.7,14.2,0,,330,7.6,,1014.5,
2021-12-14,7.9,6.6,10.4,1.5,,337,11.5,,1014.8,
2021-12-15,9.4,7.2,10.9,16.8,,359,12.4,,1019.2,
2021-12-16,9.4,6.4,14.1,0.8,,355,4.9,,1023.6,
2021-12-17,9.4,6.8,13,0,,339,5.6,,1021,
2021-12-18,7.2,5.6,10,,,347,14.2,,1014.9,
2021-12-19,6.1,3.6,9.2,0,,346,13.7,,1016.1,
2021-12-20,8.3,3.6,15,,,333,4.5,,1014,
2021-12-21,9.3,7.6,11.9,,,19,6.2,,1020.5,
2021-12-22,9.2,7.5,13.4,0,,25,5.8,,1024.6,
2021-12-23,8.4,7,11.3,0,,21,8.2,,1025.4,
2021-12-24,9.8,5,14.6,,,346,4.1,,1021.9,
2021-12-25,12.5,9,18,,,300,3.3,,1019.4,
2021-12-26,13.8,9.4,19.5,0,,156,6.1,,1018.6,
2021-12-27,15.5,13.2,17.8,0,,171,9.5,,1017,
2021-12-28,14.8,11,16.9,0.5,,153,9.9,,1011.1,
2021-12-29,13.8,11.1,17.6,3.3,,344,3.8,,1007,
2021-12-30,12.2,10.6,14.2,,,353,9.4,,1008,
2021-12-31,12.7,10.1,15.2,0.8,,357,12.5,,1018.2,
2022-01-01,12.4,9,18.7,,,2,2.8,,1019.8,
2022-01-02,13.4,10.2,18.7,,,9,4.9,,1023.4,
2022-01-03,13.1,9.2,18.9,0,,353,2.8,,1020,
2022-01-04,13.2,9.7,18.9,0,,322,3,,1016.4,
2022-01-05,13.7,11.3,18.6,0,,23,4.3,,1014.3,
2022-01-06,13.8,8,18.5,0,,164,7.1,,1014.2,
2022-01-07,14.8,12.1,19.4,0,,119,4.2,,1014.8,
2022-01-08,13.4,12.3,17.3,2.3,,83,4.5,,1011.2,
2022-01-09,11.9,8.9,15.9,16.5,10,11,4.5,,1003.3,
2022-01-10,11.1,7,14,1,,58,3.6,,998.1,
2022-01-11,9.8,6.8,14.3,16.3,,46,8.6,,999.9,
2022-01-12,6.9,5.5,9.3,,,357,18.8,,1015.1,
2022-01-13,4.9,2.8,6.4,0,,2,17.2,,1027.5,
2022-01-14,6.1,2.5,11.2,0,,345,6.9,,1024.4,
2022-01-15,9.4,3.9,15.2,0,,4,5,,1018.8,
2022-01-16,8.6,5.4,12.6,0,,35,5.6,,1025.8,
2022-01-17,9.1,3,16,0,,22,2.5,,1023.2,
2022-01-18,9.8,6.9,12.3,0,,359,9.2,,1022.9,
2022-01-19,6.8,4.8,10,0,,11,9.3,,1030.2,
2022-01-20,8.4,3.4,15.3,0,,332,4.2,,1025.9,
2022-01-21,11.7,7.7,17.4,0,,277,5.1,,1018.4,
2022-01-22,6.1,2.9,10.8,,,355,10.6,,1016.5,
2022-01-23,3.1,1.1,6.4,0,,342,9.7,,1020.9,
2022-01-24,1.2,0,2.7,,,350,9.8,,1021.1,
2022-01-25,2.2,0,5,28.2,20,0,13.5,,1024.1,
2022-01-26,3.3,-0.3,7.3,0,,341,6.7,,1024.4,
2022-01-27,6.3,1.3,12.8,0,,346,4.7,,1025.2,
2022-01-28,7.1,1.3,14.7,0,,29,2.2,,1022.6,
2022-01-29,7.9,6.3,10.5,0,,9,11.6,,1018.2,
2022-01-30,9.1,6.6,13.4,3,,353,11.6,,1016.7,
2022-01-31,9.8,4.4,15.8,0,,343,5.7,,1014.3,
2022-02-01,13.5,9.6,17,0,,167,14,,1003.9,
2022-02-02,11.1,6.6,15.4,7.9,,133,9.8,,1002.6,
2022-02-03,7.7,6.3,10.5,,,354,16.2,,1009.7,
2022-02-04,8.2,4.5,13.9,1,,357,7.7,,1021.6,
2022-02-05,10.4,5.6,16.9,0,,6,4.2,,1020,
2022-02-06,12.6,9.6,17.2,,,46,5.2,,1022.5,
2022-02-07,14.2,9.3,19.8,0,,268,5.6,,1014.7,
2022-02-08,9.2,5.7,14.2,,,320,17.2,,1011,
2022-02-09,9.2,5.8,13.2,0,,338,12.2,,1024.2,
2022-02-10,10.7,6.2,14.6,0,,356,5.5,,1027.5,
2022-02-11,10.8,5.5,17.8,0,,55,3.3,,1024.7,
2022-02-12,12.8,7.1,18,0,,90,5.2,,1024.5,
2022-02-13,11.2,8.8,13.3,,,1,8.4,,1025.2,
2022-02-14,10.1,6.1,15.4,0,,12,3.2,,1024.7,
2022-02-15,11.1,7.3,16.4,0,,52,4.2,,1024,
2022-02-16,12.8,8.7,18.1,0,,121,6,,1019.9,
2022-02-17,11.8,9.5,17.6,5.6,,158,5.7,,1013.4,
2022-02-18,13.5,7.9,19.4,0.3,,332,6.2,,1014.3,
2022-02-19,13.3,9.1,19.1,0,,56,3.4,,1020.9,
2022-02-20,13.5,10.1,16.3,0,,358,3.1,,1019.3,
2022-02-21,14.9,11,22,0,,4,2.9,,1014.1,
2022-02-22,14.3,10.4,20,0,,167,4.6,,1005.7,
2022-02-23,13.3,11,16.1,0,,4,11,,1012.1,
2022-02-24,10.6,8.2,13.3,0,,355,14.8,,1017.4,
2022-02-25,11.3,7.2,16.4,0.3,,345,5.5,,1019.1,
2022-02-26,11.5,7,17,0,,63,3.9,,1019.1,
2022-02-27,12.4,10.4,16.8,,,151,11.2,,1015.5,
2022-02-28,9.4,7.3,15.7,1,,18,6.3,,1018,
2022-03-01,8.9,7.1,11.8,1.8,,41,10,,1019.3,
2022-03-02,7.8,6.4,9.7,0,,14,14.4,,1014.7,
2022-03-03,8.8,4.3,14,0,,345,6.6,,1016.2,
2022-03-04,11.5,8,16.7,0,,351,4.9,,1014.4,
2022-03-05,12.3,10,16.9,0,,11,4.2,,1011.6,
2022-03-06,13.3,9.7,18.1,2.5,,336,5.5,,1009.6,
2022-03-07,12.3,7.7,17.6,0,,333,6.5,,1012.3,
2022-03-08,11.1,8.7,16.2,0,,358,7.4,,1010.8,
2022-03-09,7.3,6,9.6,0,,10,11.6,,1012,
2022-03-10,4.1,2,6,,,357,13.1,,1017.7,
2022-03-11,3.2,1.1,6.4,1.3,,8,11.8,,1024.8,
2022-03-12,3.1,-0.1,7.2,0,,14,9.2,,1027.1,
2022-03-13,5.6,1.2,11.7,0,,0,6.7,,1029.3,
2022-03-14,6.6,4.1,11.1,0,,14,7.9,,1032.7,
2022-03-15,8.8,3.2,14.7,0,,3,5.4,,1035,
2022-03-16,10.7,5.9,16.6,0,,66,4,,1026.7,
2022-03-17,12.2,8,17.9,0,,8,7.9,,1023.8,
2022-03-18,7.4,5.1,11.1,0,,20,17.1,,1032.4,
2022-03-19,5.6,3.5,8.5,0,,15,16.2,,1035.2,
2022-03-20,4.9,1.7,7.2,3.6,,11,17,,1032.5,
2022-03-21,6.6,5,8.5,,,5,17.6,,1028.5,
2022-03-22,9.5,5,13.8,0.3,,358,16.6,,1023,
2022-03-23,7.9,5.7,11.1,5.1,,8,14.8,,1022.1,
2022-03-24,11.7,4,18.6,0,,354,7.9,,1022.6,
2022-03-25,15,8.5,21.5,,,323,6.3,,1021.2,
2022-03-26,14.6,10.7,19.7,0,,33,6.3,,1026.5,
2022-03-27,13.8,9.1,19.8,0,,138,5,,1028.6,
2022-03-28,14.9,12.3,19.6,0,,91,2.7,,1026.7,
2022-03-29,15.3,10.3,20.7,0,,150,5.6,,1018.3,
2022-03-30,15.3,10.3,20.2,0,,145,5.8,,1014.4,
2022-03-31,15.6,14.1,18.1,0,,127,10.4,,1011.9,
2022-04-01,18.2,15.2,23.8,0,,143,13.4,,1005.8,
2022-04-02,17.4,12.9,23.1,0,,225,7.7,,1009.2,
2022-04-03,16.3,11.5,21.6,0,,269,10.7,,1013.5,
2022-04-04,15.1,11.5,20.2,0,,357,5.6,,1017.8,
2022-04-05,15.2,11.9,19.7,0,,42,8.5,,1011.5,
2022-04-06,15.2,10.6,20.7,0,,281,4.9,,1013.6,
2022-04-07,17.4,14.1,23.3,0,,292,10.4,,1006.9,
2022-04-08,17.7,14.4,23.7,0,,314,13.3,,1010.4,
2022-04-09,18.2,13.8,23,0,,299,4.9,,1010.1,
2022-04-10,17.8,14.2,22.8,0,,291,11,,1007.6,
2022-04-11,13.9,12.4,17.9,0,,342,15.3,,1014.5,
2022-04-12,13.7,8.9,19.4,0,,93,5.3,,1021.4,
2022-04-13,14.8,10.2,19.7,0,,164,5.4,,1019.5,
2022-04-14,16.3,10.6,21,0,,69,4.9,,1020.9,
2022-04-15,16.6,11,23,0,,18,6.2,,1019.5,
2022-04-16,17,11.3,22.3,0,,94,3.8,,1013.9,
2022-04-17,15.2,13.3,18.3,0,,22,9.2,,1005.2,
2022-04-18,11.6,10,13.9,2.3,,25,9.7,,1007.1,
2022-04-19,12.9,9.4,18.2,1.8,,10,7.5,,1012.5,
2022-04-20,14.7,9.9,20,0,,250,5.4,,1016.2,
2022-04-21,16.6,11.2,22.8,0,,198,5.5,,1016.3,
2022-04-22,17.2,12.1,23.6,0,,158,6.8,,1013.3,
2022-04-23,17.7,13,23.6,0,,192,3.8,,1009.5,
2022-04-24,19.1,12.8,25.2,0,,234,4.1,,1010.7,
2022-04-25,20.7,15.6,26.1,0,,308,3.8,,1010.4,
2022-04-26,19.9,15.3,26.2,0,,270,5,,1011.4,
2022-04-27,20.4,13.8,27.4,0,,313,5.3,,1013.1,
2022-04-28,21.9,14.6,27.9,0,,14,5,,1013.3,
2022-04-29,20.7,18.2,24.2,0,,3,13.4,,1014.5,
2022-04-30,20.1,16.9,24.3,0,,4,13.5,,1016,
2022-05-01,18.9,16.1,24.2,0,,20,9.8,,1016.5,
2022-05-02,15.6,13.9,17.5,1.3,,356,7.7,,1012.2,
2022-05-03,16.4,11.2,21.9,0.5,,341,6.2,,1012.3,
2022-05-04,16.8,13.3,22.4,0,,15,4.8,,1017.4,
2022-05-05,18,12.1,24.9,0,,247,4.5,,1020.6,
2022-05-06,18.9,14.3,23.7,,,38,6.9,,1020.7,
2022-05-07,18.9,15.4,23.6,0,,14,10.6,,1018.2,
2022-05-08,18.8,14.6,24.3,0,,19,5.1,,1018,
2022-05-09,20.4,16.1,25.6,0,,5,8.6,,1018.3,
2022-05-10,20,15.5,26,0,,6,8.7,,1017.6,
2022-05-11,20.6,13,27.1,0,,6,6,,1018.3,
2022-05-12,22.5,15.1,28,0,,258,4.5,,1020.6,
2022-05-13,21.3,17,27.8,0,,188,4.5,,1018.2,
2022-05-14,20.4,15.8,26.3,0,,169,5.2,,1015.4,
2022-05-15,22.1,16,29.1,0,,191,3.2,,1017,
2022-05-16,23.9,19,30.1,0,,310,4.2,,1017.9,
2022-05-17,23.7,18.6,29.7,0,,137,4,,1016.3,
2022-05-18,23.8,19.1,30.1,0,,336,5.8,,1012.9,
2022-05-19,17,13.1,20.1,2,,13,19,,1022,
2022-05-20,19.8,15,23.6,0,,357,14.7,,1023,
2022-05-21,22.7,17.3,30,0,,344,8.8,,1016.9,
2022-05-22,22.9,15.4,28.8,0,,257,4.4,,1010.8,
2022-05-23,24.7,18.8,31.7,0,,265,5.2,,1009.6,
2022-05-24,24.2,20.4,29.8,0,,161,4.4,,1011.2,
2022-05-25,24.8,19.1,30.9,0,,165,3.8,,1015.3,
2022-05-26,25,19.1,31.7,0,,223,3.5,,1017.3,
2022-05-27,25.3,20.5,31.8,0,,287,6.3,,1015.9,
2022-05-28,26.4,20.3,33.6,0,,133,7.8,,1010.8,
2022-05-29,26.2,22.4,31.3,0,,139,13.2,,1006.2,
2022-05-30,24.2,20.1,31.1,0,,238,12.9,,1010.6,
2022-05-31,25.9,20.6,33.9,0,,240,9.4,,1013.8,
2022-06-01,25.4,21.5,32,0,,323,8,,1013.4,
2022-06-02,28.2,22.3,33.3,0,,351,13.5,,1012.5,
2022-06-03,29.4,25.5,33.3,0,,353,17.3,,1012.7,
2022-06-04,29.4,26.2,34.2,0,,356,17.2,,1014.2,
2022-06-05,28.6,24.2,36.4,0,,319,9.5,,1012.9,
2022-06-06,27.7,23.4,35.9,0,,297,7.8,,1011.4,
2022-06-07,24.8,21.7,30.1,0.3,,27,8.5,,1011.5,
2022-06-08,24.5,20.4,30,0,,139,9.4,,1010.2,
2022-06-09,25.1,19.6,30.9,0,,166,8.1,,1007.7,
2022-06-10,24.6,22.4,28.9,0,,175,14.7,,1005.1,
2022-06-11,23.4,20.6,28.1,0,,332,8.4,,1006.2,
2022-06-12,24.7,20.6,30.4,0,,327,11.4,,1008.9,
2022-06-13,25.9,20.7,31.5,0.5,,349,13.1,,1009.9,
2022-06-14,27.4,23.9,33,0,,5,8.3,,1011.8,
2022-06-15,27,21.7,31.9,0,,11,7.7,,1015.2,
2022-06-16,27.2,23.6,31.4,0,,11,9.9,,1015.9,
2022-06-17,26.4,22.5,32.3,0,,30,7.2,,1015.4,
2022-06-18,26.2,21.3,30.4,0,,356,10.8,,1013.4,
2022-06-19,25.3,22.1,29.1,0,,3,15,,1014.8,
2022-06-20,25.8,20.1,32.1,0,,303,5.9,,1013.3,
2022-06-21,26.9,21.2,34,0,,257,6.8,,1010.8,
2022-06-22,29.4,23.7,36.2,0,,324,4,,1010,
2022-06-23,30.7,24.9,37.1,0,,213,4.8,,1009.8,
2022-06-24,28.7,25.9,33.9,0,,28,8.6,,1010.9,
2022-06-25,27.1,22,33,0,,157,5.3,,1013.2,
2022-06-26,29,24.5,35.2,0,,49,6.5,,1012.4,
2022-06-27,27.1,22.1,33.1,0,,108,5.8,,1014.9,
2022-06-28,28.9,22.3,35.1,0,,19,7.3,,1014.1,
2022-06-29,28.9,25.3,33.4,0,,12,8.5,,1013.3,
2022-06-30,30,24.3,35.4,0,,4,8.7,,1011.6,
2022-07-01,30.4,25.7,35.5,0,,10,9.6,,1012.3,
2022-07-02,30.4,26,36.3,0,,9,10.6,,1013.4,
2022-07-03,29.1,26.2,32.4,0,,5,17.5,,1012.9,
2022-07-04,29.3,25.3,34,0,,357,14.1,,1011.7,
2022-07-05,29.5,24.3,34.1,0,,4,12.1,,1011.5,
2022-07-06,29.8,26.2,35.4,0,,19,7.8,,1010.6,
2022-07-07,28.7,24.4,36.1,0,,30,6.9,,1011.8,
2022-07-08,28.2,23.7,34.3,0,,143,5.3,,1011.1,
2022-07-09,24.7,21.4,30,0,,344,9.1,,1007.7,
2022-07-10,25.2,19.7,30.4,3,,0,11.7,,1009.8,
2022-07-11,26.4,21.1,33.7,0,,9,7.6,,1013,
2022-07-12,27.3,22.4,34,0,,27,7,,1015.9,
2022-07-13,26.2,23.6,31.1,0,,13,8,,1016.2,
2022-07-14,26.8,22,30.8,0,,0,14.6,,1014.2,
2022-07-15,29.5,26,34.2,0,,355,16,,1010.9,
2022-07-16,31.3,26.2,36.6,0,,357,10.3,,1013,
2022-07-17,32.2,29.1,36.4,0,,4,12.6,,1014.2,
2022-07-18,29.3,26.7,32.6,0,,6,15.6,,1016.3,
2022-07-19,26.1,23.5,29.6,0,,3,18.7,,1016.6,
2022-07-20,26.9,24.1,30.5,0,,12,15.8,,1015.5,
2022-07-21,29.3,23.9,34.1,0,,354,11.8,,1013.8,
2022-07-22,29.9,25.2,35.9,0,,5,6.2,,1013.4,
2022-07-23,31.3,25.1,36.9,0,,17,7.9,,1014.4,
2022-07-24,31.8,26,37.8,0,,17,4.8,,1012.4,
2022-07-25,30.5,25.9,37.4,0,,33,7.2,,1010.1,
2022-07-26,31,25,35.7,0,,30,8.4,,1009.4,
2022-07-27,30.9,23.7,36.3,0,,25,7.2,,1008.1,
2022-07-28,31.2,24.7,36.8,0,,356,8.2,,1008.4,
2022-07-29,30.8,25.5,35.9,0,,4,10.3,,1010.8,
2022-07-30,30.5,25.1,36,0,,14,7.6,,1010.5,
2022-07-31,29.6,24.2,35.8,0,,137,6.1,,1008.9,
2022-08-01,29.2,25.6,34.1,0,,53,8.5,,1008.6,
2022-08-02,29.8,24.7,34.7,0,,16,7.6,,1009.9,
2022-08-03,28.9,25.5,32.4,0,,5,13.5,,1011,
2022-08-04,29.5,26.3,33,0,,4,13.1,,1011.8,
2022-08-05,29.4,26,33.6,0,,356,11.3,,1011.3,
2022-08-06,30,26.4,34.1,0,,359,11.4,,1008.2,
2022-08-07,29.6,27.3,33,0,,4,12.8,,1007.4,
2022-08-08,28.7,26.5,31.9,0,,5,16.4,,1008.8,
2022-08-09,29.7,26.7,33.7,0,,4,15.3,,1010,
2022-08-10,29.8,26.6,33.6,0,,359,12.7,,1010.5,
2022-08-11,28.7,25.8,31.6,0,,7,13,,1011.3,
2022-08-12,28.8,25.6,33.1,0,,8,11.3,,1011.2,
2022-08-13,27.1,23.7,33.2,0,,288,5.8,,1009.3,
2022-08-14,27.3,23.1,32.1,0,,334,6.8,,1006.5,
2022-08-15,26.8,22.9,31.7,0,,265,8,,1007.9,
2022-08-16,27.6,23,32.5,0,,204,5.6,,1011.2,
2022-08-17,28.3,23.9,34.8,0,,289,5.4,,1009.9,
2022-08-18,30.8,23.7,37.1,0,,349,5.5,,1009.7,
2022-08-19,31.1,25.7,37.2,0,,211,4.4,,1009.3,
2022-08-20,29.8,25.7,35.9,0,,164,4.5,,1008.2,
2022-08-21,28.8,24.9,34.3,0,,47,6.8,,1004.3,
2022-08-22,27.7,24.3,32.8,1.3,,177,5.6,,1005.1,
2022-08-23,24.7,21.5,32.2,0,,90,4.3,,1008.2,
2022-08-24,22.9,20,27.6,20.1,,46,4.2,,1009.3,
2022-08-25,24.2,21,31,13.7,,21,4.9,,1009.5,
2022-08-26,24.8,21,28.4,0.9,,25,4.3,,1008.6,
2022-08-27,25.9,22.3,30,0,,161,4,,1010.5,
2022-08-28,26.8,22.8,31.5,0,,151,4.7,,1012.9,
2022-08-29,29.4,23.3,34.5,0,,15,5.1,,1012.9,
2022-08-30,28.1,23.2,33.6,0,,20,5.5,,1012.2,
2022-08-31,27.3,23.6,33.4,0,,304,5.1,,1011.7,
2022-09-01,27.7,22.9,32.6,0,,167,4.6,,1010.6,
2022-09-02,27.4,23.8,32.8,0,,150,4.5,,1010.3,
2022-09-03,27.4,23.9,32,0.3,,121,5.2,,1013,
2022-09-04,27.6,23.5,33.2,0,,24,4.8,,1016.2,
2022-09-05,25,23.5,28.3,0,,15,13.5,,1017.2,
2022-09-06,23.9,21.4,27.6,0,,8,16.5,,1017.7,
2022-09-07,24.2,21.6,28.5,0,,5,14.8,,1016.5,
2022-09-08,25.2,20,30.8,0,,2,8.5,,1016.5,
2022-09-09,25.7,21,32.7,0,,250,4.5,,1016.6,
2022-09-10,27.7,22.6,33.3,0,,333,3.9,,1013.7,
2022-09-11,28.5,23.7,34.7,0,,281,5.7,,1010.4,
2022-09-12,26.7,23.9,32.2,0,,3,7.9,,1008.5,
2022-09-13,24.8,20.8,31,0,,3,6.4,,1011.2,
2022-09-14,23.9,19.5,29.4,0,,16,4.1,,1014.8,
2022-09-15,26.5,20.6,31.6,0,,179,4,,1014.5,
2022-09-16,25.9,22,32.2,0,,143,4.4,,1011.2,
2022-09-17,26.5,22.7,31.5,0,,163,4.3,,1006.9,
2022-09-18,27.2,23.8,31.5,0,,317,9.1,,1007.5,
2022-09-19,24.6,20.9,30,0,,347,7.7,,1012.7,
2022-09-20,23.8,19.1,29.2,0,,45,6.7,,1012.6,
2022-09-21,21.7,19.7,28.4,0,,77,7.6,,1012.6,
2022-09-22,18.7,15.8,22.1,3.8,,14,9.1,,1014.8,
2022-09-23,18.8,16,23.7,0,,27,6.8,,1016.7,
2022-09-24,19.3,14.8,25.2,0,,3,5.2,,1020,
2022-09-25,21,16.4,27,0,,110,4.2,,1019.1,
2022-09-26,22,16.8,28,0,,165,5.8,,1015.7,
2022-09-27,22.8,18.7,27.2,0,,7,5.9,,1008.7,
2022-09-28,25,21.1,30.6,0.3,,291,6.6,,1008.2,
2022-09-29,24.9,19.6,30.3,0,,254,6.6,,1010.3,
2022-09-30,24.4,18.7,31.1,0,,289,3.6,,1015.2,
2022-10-01,25.6,20.8,31.4,0,,114,5.4,,1018.9,
2022-10-02,25.9,24,30.8,0,,336,12.4,,1013.7,
2022-10-03,22.8,19.5,29,0,,14,5.5,,1013.1,
2022-10-04,21.1,19.2,25.3,0,,13,9.2,,1016,
2022-10-05,19.8,17.1,23.3,0,,11,10.1,,1023.7,
2022-10-06,19.3,16.9,22.4,0,,358,12.7,,1023.6,
2022-10-07,20.1,18.1,22.7,0,,3,14.3,,1020.8,
2022-10-08,20.5,15.6,25,0,,5,8.2,,1019.4,
2022-10-09,20.4,15.7,26,0,,150,4.1,,1019.3,
2022-10-10,21.4,17,26.6,0,,7,7,,1021.3,
2022-10-11,20.6,17.2,25.1,0,,340,3.7,,1020.1,
2022-10-12,20.8,17.9,24.8,0.8,,14,5,,1019.9,
2022-10-13,20.3,17.4,24.2,0,,4,5.9,,1020.3,
2022-10-14,18.8,17.4,20.4,3.9,,54,6.2,,1014.3,
2022-10-15,17.7,16.8,19,0.5,,3,12.4,,1012.9,
2022-10-16,18.8,17.3,21.8,0,,0,16.3,,1020.1,
2022-10-17,18.4,16.5,21.6,0,,0,15.1,,1026.1,
2022-10-18,18.8,17.4,21.3,0,,357,16,,1024.4,
2022-10-19,19,16.1,23.5,0,,344,6.6,,1018.1,
2022-10-20,19,14.8,24.4,0,,5,6.6,,1018.5,
2022-10-21,18.5,16.2,22,0,,8,11.4,,1022.9,
2022-10-22,17.5,14,22.4,0,,5,5.4,,1024.1,
2022-10-23,19.2,15.2,24.6,0,,0,2,,1022.2,
2022-10-24,21.1,18.2,25.7,0,,348,2.7,,1022.1,
2022-10-25,21.1,18.1,25.8,0,,47,2,,1019,
2022-10-26,20.8,17.3,25.8,0,,14,3.1,,1018.5,
2022-10-27,21.2,18.3,25.5,0,,3,6.9,,1023.1,
2022-10-28,20,18.1,23.3,0,,359,13.6,,1024.5,
2022-10-29,18.8,16.7,22.4,0,,0,14.1,,1022.1,
2022-10-30,18.7,16.3,23.1,0,,357,9.9,,1019.6,
2022-10-31,19.3,15,24.1,0,,354,5.9,,1018.6,
2022-11-01,20.2,17.9,24.1,0,,357,10.1,,1021.5,
2022-11-02,20.2,16.3,25.5,0,,345,4.4,,1020.9,
2022-11-03,20.2,17,25.5,0,,344,2.2,,1018.9,
2022-11-04,19.4,16.9,24.2,0,,119,2.8,,1016.3,
2022-11-05,19.6,17.3,23.2,1.1,,150,8.6,,1013.1,
2022-11-06,17.7,15.2,19.5,38.2,,130,12,,1010,
2022-11-07,17.1,15.1,20.6,0,,7,7.5,,1015.7,
2022-11-08,16.9,14,21.3,0,,359,5.4,,1020,
2022-11-09,16.9,14.3,21.4,0,,13,4.3,,1021.2,
2022-11-10,16.8,14.2,21.1,0,,10,4.6,,1022.8,
2022-11-11,16.6,13.8,20.5,0,,2,6.2,,1025.4,
2022-11-12,15,13.9,16.5,0,,6,8.4,,1025.2,
2022-11-13,15.7,12.8,20.2,0,,21,4,,1026.8,
2022-11-14,15.9,13.5,20,0,,358,4.6,,1023.9,
2022-11-15,15.5,12.8,19.7,0,,12,3.1,,1019.4,
2022-11-16,16.9,14.3,20.7,0,,327,3.1,,1012.7,
2022-11-17,18.5,16.1,21.8,0,,155,5.2,,1008.8,
2022-11-18,19.5,17.5,23,0,,179,4,,1008,
2022-11-19,20.5,18.4,24.4,0,,154,5.9,,1013.8,
2022-11-20,21.1,20.3,23.1,0,,160,12.5,,1014.6,
2022-11-21,19.3,16.2,21.2,1.3,,226,11.6,,1010.7,
2022-11-22,16.8,13.5,19.9,0,,224,8.6,,1012.8,
2022-11-23,17.3,14.6,18.8,6,,207,9.7,,1006.9,
2022-11-24,15.2,12.7,18.7,0,,307,7.2,,1008.1,
2022-11-25,13.7,11.8,16.8,0,,329,8.6,,1016.1,
2022-11-26,12.7,10.1,16.3,0,,17,4.8,,1021.7,
2022-11-27,12.8,12.1,14.1,0,,25,11.2,,1020,
2022-11-28,11.3,10.2,12.5,0.1,,358,10.8,,1015.9,
2022-11-29,11.7,9.5,13.7,0,,350,7.7,,1014,
2022-11-30,13.2,11.5,14.2,22.6,,55,7.9,,1011.7,
2022-12-01,15.2,12.6,18,11.6,,158,7.3,,1011.5,
2022-12-02,14.4,10,18.6,0,,6,3.4,,1019.5,
2022-12-03,14.7,13.2,17,0,,39,6.3,,1023.1,
2022-12-04,13.9,12.1,18.5,0,,21,5.2,,1024.5,
2022-12-05,14.1,12.6,16.7,0,,31,3.8,,1024.4,
2022-12-06,13.8,11.6,16.4,0,,39,1.8,,1021.3,
2022-12-07,14.8,13.2,18.2,0.6,,98,5.4,,1016.4,
2022-12-08,16.1,12.5,20.2,0.8,,101,3.1,,1016.4,
2022-12-09,17.2,15,20,0,,103,5,,1017.6,
2022-12-10,18.2,17.1,19.6,0,,149,9.6,,1012.9,
2022-12-11,17.8,14.5,19.2,0.1,,185,13.4,,1003.9,
2022-12-12,16.2,14.8,18.6,0,,308,4.1,,1007.5,
2022-12-13,15.4,13.2,17,0,,358,5.1,,1008.9,
2022-12-14,14.4,13.2,16,0,,68,5.3,,1012.8,
2022-12-15,17.8,15.5,20.4,0,,138,5.5,,1012.9,
2022-12-16,17.7,14,22.4,0,,101,4.7,,1018.1,
2022-12-17,18.2,15.7,21.6,0,,125,5.9,,1019.7,
2022-12-18,17.2,14.5,20.5,0,,68,5.4,,1023.4,
2022-12-19,13.2,10.5,15.2,0,,16,12.8,,1029.4,
2022-12-20,9.4,8.5,10.6,0,,359,15.1,,1029.1,
2022-12-21,9.7,6.7,13.2,0,,345,6,,1023,
2022-12-22,9.2,6,14.2,0,,6,2,,1018.9,
2022-12-23,11.8,9.7,15.7,0,,8,2.2,,1016.1,
2022-12-24,11.7,8.2,16.2,0,,5,2.6,,1016.9,
2022-12-25,13.1,9.2,19.2,0,,6,3,,1021.4,
2022-12-26,13.3,10.9,18,0,,61,3.3,,1027.6,
2022-12-27,13.8,10.8,18.7,0,,357,2.4,,1025.1,
2022-12-28,13.6,11.2,17.2,0,,28,3.2,,1025.3,
2022-12-29,13.3,10.6,18,0,,9,2.2,,1026.6,
2022-12-30,13,10.2,18.3,0,,31,2.7,,1027.5,
2022-12-31,13.3,10.7,17.4,0,,10,3.2,,1029.4,
2023-01-01,13,10.2,17.6,0,,16,4.5,,1030.8,
2023-01-02,11.9,8.7,16.8,0,,346,3.5,,1030.4,
2023-01-03,11.9,9.3,16.2,0,,102,3,,1027.7,
2023-01-04,12.6,9.6,18.2,0,,17,2.7,,1025,
2023-01-05,12.2,8.3,17.7,0,,354,2.6,,1022.5,
2023-01-06,12.8,10,18.7,0,,338,3.8,,1021.3,
2023-01-07,13.1,9.5,18.7,0,,15,4.8,,1023.2,
2023-01-08,12.2,8.7,17,0,,5,2.9,,1021.7,
2023-01-09,12.4,8.6,17.2,0,,126,4.2,,1019.9,
2023-01-10,13.6,11.8,16.5,9.4,,228,11.3,,1011,
2023-01-11,11.2,7.6,14.2,0,,336,4.7,,1011.6,
2023-01-12,10.6,7.1,16,0,,333,5.1,,1016.4,
2023-01-13,11.1,9,14.2,0.1,,347,6.8,,1018.2,
2023-01-14,10.4,6.4,16.1,0,,354,3.4,,1018.9,
2023-01-15,10.9,7.4,14.8,0,,2,6.4,,1018.8,
2023-01-16,12.2,7.9,17.1,0,,144,4.3,,1015.8,
2023-01-17,16.4,14.4,19,0,,184,13,,1011.6,
2023-01-18,16.9,15.9,19.6,0,,172,17.7,,1012.8,
2023-01-19,16.5,15.3,19.3,0,,162,16.4,,1014.7,
2023-01-20,13.4,10.5,16.3,5.3,10,216,12.8,,1010.9,
2023-01-21,14.9,9.9,18.8,1.3,,171,13.7,,1013.8,
2023-01-22,14.3,11.2,18.8,3.3,,136,6.6,,1018.5,
2023-01-23,14.8,12.6,19,0,,126,6.1,,1021.9,
2023-01-24,13.9,11.1,17.2,1.1,,69,4,,1024.2,
2023-01-25,11.3,10.2,12.7,0,,63,12.5,,1023.4,
2023-01-26,10.1,7.7,12,22.2,,48,10,,1012.8,
2023-01-27,10.6,7.9,13,4.3,,4,3.9,,1005.9,
2023-01-28,11.2,9.2,14.7,2,,352,5.1,,1011,
2023-01-29,10.2,8.1,13.2,5.1,10,14,7.3,,1016.7,
2023-01-30,8.8,7.2,11.5,0,,7,5.7,,1016.2,
2023-01-31,8.5,6.6,11.1,0,,356,7,,1012.9,
2023-02-01,8.1,4.2,11.4,0,,343,9,,1019.8,
2023-02-02,10.8,5.8,15.8,0,,337,7.1,,1020.8,
2023-02-03,9.4,6.7,14.1,0,,336,7.2,,1021.6,
2023-02-04,9.5,6.2,13,2.7,,346,6.7,,1015.3,
2023-02-05,4.9,2.2,9.3,12.6,,335,14.8,,1012.2,
2023-02-06,3,0,6.6,8.9,,347,13,,1020.8,
2023-02-07,3.4,1.7,4.9,0,,357,12.1,,1027.6,
2023-02-08,3.6,1.5,6.3,0,,13,10.6,,1032.5,
2023-02-09,5,2.2,8.5,0.3,,8,11.8,,1032.3,
2023-02-10,6.9,6,8.7,0,,13,12.7,,1031.4,
2023-02-11,7,4.6,10,0,,3,9.8,,1031.2,
2023-02-12,7.3,3.1,13.6,0,,1,4.1,,1027.9,
2023-02-13,8.6,6.1,11.3,0,,4,13,,1032.4,
2023-02-14,9,5.7,13.7,0,,333,6.6,,1028.2,
2023-02-15,8.5,6.1,11.8,0,,355,5.9,,1029.1,
2023-02-16,9.1,5.2,14.2,0,,346,3.7,,1030.9,
2023-02-17,11.2,7.5,15.7,0,,76,3.9,,1028.7,
2023-02-18,12.6,7.6,18.5,0,,356,4.9,,1026.4,
2023-02-19,14,11,18.2,0,,296,7.7,,1022.4,
2023-02-20,14.8,10.7,20.6,0,,337,7.2,,1020.9,
2023-02-21,14,9.2,20.3,0,,341,3.8,,1020.9,
2023-02-22,14.4,10.2,18.8,0,,38,3.1,,1015.8,
2023-02-23,13.9,10.8,18.2,0,,75,2.8,,1015.6,
2023-02-24,14.4,11.4,18.6,0,,72,3.5,,1016.3,
2023-02-25,14.4,11,18.7,0,,91,5.2,,1014.3,
2023-02-26,16.1,14,18.7,0,,132,13.3,,1012.4,
2023-02-27,17.2,15.6,20,0,,136,9.6,,1016,
2023-02-28,16.6,13.5,18.7,0,,47,6.2,,1018,
2023-03-01,14.7,11.1,20.4,0,,24,5.5,,1016.9,
2023-03-02,13.5,11.1,16.2,4.4,,28,6.2,,1016.3,
2023-03-03,15.1,9.3,18.3,0.1,,303,4.8,,1016.4,
2023-03-04,14.1,12.7,17.5,4.7,,139,8.7,,1014.9,
2023-03-05,13.5,11.1,17.4,3.2,,304,6.5,,1009.8,
2023-03-06,13.5,10.5,18.5,0,,326,6.1,,1013.8,
2023-03-07,14.1,11.2,17.6,0,,185,6.2,,1012.9,
2023-03-08,14,11.3,18.2,0,,261,5,,1012.4,
2023-03-09,14.8,11.8,18.7,0,,292,5.5,,1013.7,
2023-03-10,16.2,12.8,21.5,0,,205,5.1,,1010.7,
2023-03-11,17,13.9,21.7,0,,239,9,,1003.3,
2023-03-12,14.9,12.2,19,0,,351,8.3,,1006.6,
2023-03-13,11.8,8.7,14.3,0,,9,16.7,,1017.4,
2023-03-14,12,7.3,18.2,0,,3,6.8,,1015.6,
2023-03-15,13.7,10.1,17.5,0,,214,5.7,,1005.7,
2023-03-16,14.1,8.8,17.6,0,,343,5.7,,1006.8,
2023-03-17,10.5,9.5,11.7,5.7,,358,17.2,,1014.8,
2023-03-18,11.3,9,14.8,0,,4,10.8,,1018.8,
2023-03-19,12.4,8,17.5,0,,354,7.7,,1020.7,
2023-03-20,14,9.3,20.2,0,,26,3.1,,1019.2,
2023-03-21,13.9,10.5,17.7,0.4,,53,2.4,,1013.9,
2023-03-22,14.3,10.2,18.7,3.6,,355,5.6,,1011.9,
2023-03-23,14.5,11.1,18.4,0,,13,8,,1015.6,
2023-03-24,15.3,11,19.8,0,,15,5.1,,1016.4,
2023-03-25,16.4,11.1,21.2,0,,305,3.8,,1012.8,
2023-03-26,18.2,14.4,23.5,0,,302,5.5,,1010.3,
2023-03-27,17.2,13.4,22.2,0,,202,7.2,,1007,
2023-03-28,14.3,7.7,17,1.4,,320,16.7,,1009.3,
2023-03-29,10.4,6.5,15.3,5.8,,329,11.4,,1023.7,
2023-03-30,13.3,8.3,19,0,,332,6.4,,1024.3,
2023-03-31,15.4,10.8,20.2,0,,321,5.1,,1018.2,
2023-04-01,17.8,13.8,23.5,0,,302,5.6,,1010.6,
2023-04-02,16.5,14.7,18.2,1.6,,80,4.1,,1009.5,
2023-04-03,15.8,13.2,19.6,1.8,,114,9,,1003.3,
2023-04-04,15.1,12.5,18.4,4.9,,235,8.5,,1001.7,
2023-04-05,14.9,12.6,19.6,0,,289,13.1,,1011.7,
2023-04-06,13.8,11.1,17.5,1.9,,315,6.3,,1011.3,
2023-04-07,12.9,9.2,17,0,,318,5.8,,1015.1,
2023-04-08,14.2,10.7,19.5,0,,160,5.3,,1017.6,
2023-04-09,14.7,10.6,19.5,1.2,,17,5.5,,1016.5,
2023-04-10,13.7,10.7,16.3,1.1,,2,6.6,,1013.3,
2023-04-11,13.6,10.5,17.7,0,,341,9.6,,1010.7,
2023-04-12,16.4,11.5,22.1,0,,299,9.3,,1008.3,
2023-04-13,17.1,13.2,21.2,0,,257,6,,1011.4,
2023-04-14,17.5,12.7,21.7,0,,140,9,,1011.4,
2023-04-15,17.4,15.1,22,0,,252,6.1,,1012.2,
2023-04-16,17.1,14.4,21.5,0,,176,5.5,,1010.9,
2023-04-17,16.9,13.5,22.5,1.8,,107,5.8,,1009.3,
2023-04-18,16.8,14,20.6,0.4,,285,6.3,,1010,
2023-04-19,16.7,13.7,21.6,2.2,,295,6.1,,1011.6,
2023-04-20,16.5,12.2,22.2,0,,253,5.3,,1012.7,
2023-04-21,17.4,13.3,23.6,0,,261,5.3,,1011.9,
2023-04-22,17.1,13.9,22,5.2,,23,4.5,,1012.5,
2023-04-23,16.7,13,20.4,1.5,,359,5.7,,1015.3,
2023-04-24,17.7,13,22.5,0,,157,5.9,,1015.1,
2023-04-25,18.6,15.2,23.2,0,,303,7.2,,1010.6,
2023-04-26,18.6,15.4,23.9,0,,306,7.9,,1007.2,
2023-04-27,16.8,13.7,21,0,,347,10.6,,1012.1,
2023-04-28,15.8,12.1,20.5,0,,10,8.1,,1018.2,
2023-04-29,16,12,20.5,0,,159,6.3,,1017.1,
2023-04-30,17.3,13.8,22.5,0,,64,4.6,,1014.5,
2023-05-01,17,15.1,19.5,0.4,,48,2.4,,1016.5,
2023-05-02,16.8,14.2,21.3,0,,59,4.4,,1018.3,
2023-05-03,18.5,14,23,0.5,,125,7.6,,1016.3,
2023-05-04,18.4,15.6,21.5,1.1,,137,6.2,,1015.9,
2023-05-05,17.5,16.2,19.1,2.7,,8,8.4,,1013.9,
2023-05-06,19.2,16.1,23.1,0,,354,13.3,,1013,
2023-05-07,20.2,14.7,25.6,0,,4,8.2,,1016.6,
2023-05-08,20,15.5,24.7,0,,164,4,,1017.3,
2023-05-09,19,16.6,21.5,0,,40,6.5,,1015.7,
2023-05-10,17.6,15.2,21.8,0,,16,9.4,,1016.1,
2023-05-11,16.6,14.6,19,0,,12,8.1,,1016.6,
2023-05-12,17.4,13.6,21.6,0,,347,7.7,,1018,
2023-05-13,17.7,13.7,22.5,0,,129,5,,1021.6,
2023-05-14,19.2,14.6,24.1,0,,98,3.6,,1020.8,
2023-05-15,19.9,15.2,24.6,0,,123,2.7,,1014.6,
2023-05-16,20.7,18,25.7,2.1,,156,4.3,,1009.3,
2023-05-17,20.1,14.8,26.1,0,,285,8,,1009.2,
2023-05-18,20.5,16.2,25,0.9,,299,8.9,,1011.1,
2023-05-19,20.6,16.9,24.6,0,,346,6.4,,1015.6,
2023-05-20,21.1,16.4,26,0,,27,7.1,,1014.4,
2023-05-21,20.3,17.9,23.5,7.3,,19,6.8,,1009.1,
2023-05-22,19.7,17.2,23,16.4,,358,5.8,,1008.9,
2023-05-23,20.9,17.5,24.2,0.2,,11,8.4,,1011.2,
2023-05-24,20.6,16,25.2,0,,236,3.7,,1013.6,
2023-05-25,21.6,17.1,26.2,1.3,,224,4.2,,1014,
2023-05-26,22.3,17.5,27.7,0,,1,5.7,,1012.7,
2023-05-27,22.6,19.3,26.6,0,,5,10.1,,1010.6,
2023-05-28,22.4,19.8,25.2,0,,3,10.6,,1009.1,
2023-05-29,21.7,18.5,25.2,3.8,,358,6.1,,1010.4,
2023-05-30,21.1,17.6,24.7,2.3,,217,4,,1013.1,
2023-05-31,21,17.6,24,3.3,,85,4.2,,1014.6,
2023-06-01,22.8,18.7,28.6,0,,26,6.8,,1013.1,
2023-06-02,21.3,18.7,24,14.6,,339,4.8,,1011.3,
2023-06-03,22.4,16.7,29.6,0,,297,5.4,,1012.3,
2023-06-04,23.6,18.1,30.2,0,,71,5.8,,1016.6,
2023-06-05,24.2,19.5,29.5,0,,16,8.6,,1017.1,
2023-06-06,24,19.9,28.4,0,,18,10.7,,1015.3,
2023-06-07,24,19.5,29.2,0,,10,7,,1014.1,
2023-06-08,24.4,20.2,29.5,0.4,,349,4.9,,1012,
2023-06-09,24.1,19.1,29.6,0,,217,5.2,,1011.3,
2023-06-10,24.7,19.7,31.1,0,,167,4.2,,1009.3,
2023-06-11,24.8,21.6,29.5,4.5,,289,4.4,,1007.9,
2023-06-12,23.9,20.2,29,6,,306,4.8,,1007.9,
2023-06-13,23.7,20.4,27.7,0.6,,9,6.1,,1008.6,
2023-06-14,23.9,19,29.7,9.7,,179,5.6,,1011.7,
2023-06-15,24.2,19.7,30,0,,107,5.5,,1011.4,
2023-06-16,24.2,21.2,29.2,0.5,,12,5.6,,1005.4,
2023-06-17,22.6,20.4,28.2,7.6,,321,5,,1005.1,
2023-06-18,21.7,19.2,26.4,10.3,,339,7.5,,1010.6,
2023-06-19,24.7,19.8,29.6,0,,283,6.6,,1014.3,
2023-06-20,25.5,20.2,31.2,0,,170,5.1,,1015.3,
2023-06-21,26.3,21.2,31.6,0,,43,4,,1015.9,
2023-06-22,29.3,22.6,34.1,0,,28,8,,1016.4,
2023-06-23,29.4,25.8,33.1,0,,10,8.8,,1015.1,
2023-06-24,28.6,23.9,35.3,0,,351,7.1,,1013.2,
2023-06-25,27.6,23.3,34.9,0,,175,4.7,,1011.2,
2023-06-26,27.2,23.9,34.1,0,,31,5.9,,1009.1,
2023-06-27,27.7,24,31.7,0.5,,34,7.8,,1011.1,
2023-06-28,27.6,23,33.8,0,,206,6.1,,1011.3,
2023-06-29,27.3,23.4,34,0,,32,7.3,,1011.8,
2023-06-30,26.9,22.9,31.1,0,,99,6.7,,1013.7,
2023-07-01,26.9,23,33.2,0,,155,6.3,,1010.8,
2023-07-02,27.6,22.7,33.7,0,,163,5.8,,1007.7,
2023-07-03,28.3,24.7,32.7,0.2,,60,6,,1009.3,
2023-07-04,28.9,23.7,33.6,0,,85,6.1,,1012,
2023-07-05,29.5,24.9,34.2,0,,6,6.7,,1009.9,
2023-07-06,30.3,26.3,37,0,,331,6.2,,1009.2,
2023-07-07,30.6,26.2,35.5,0,,309,5.9,,1011.7,
2023-07-08,30.1,26.1,34.6,0,,8,7.3,,1013.7,
2023-07-09,28.2,24.7,31.9,0,,120,6.1,,1016.4,
2023-07-10,28.4,23.1,33.2,0,,20,6.8,,1017.1,
2023-07-11,29.1,24.1,34.2,0,,117,5.1,,1016.7,
2023-07-12,30,24.5,37.2,0,,195,4.3,,1016.9,
2023-07-13,31.2,25.2,36.7,0,,243,3.3,,1015.5,
2023-07-14,32.5,26.5,39.7,0,,220,3.1,,1012.7,
2023-07-15,32.9,27.1,38.2,0,,37,6.5,,1012.2,
2023-07-16,33.4,30.2,37.2,0,,10,12.4,,1013.4,
2023-07-17,32.5,28.2,36.3,0,,1,16.3,,1013.6,
2023-07-18,32.9,28.7,36.7,0,,2,13.7,,1012.2,
2023-07-19,33.9,30.5,38.2,0,,11,12.8,,1010.1,
2023-07-20,33.5,28.5,38.2,0,,0,7,,1007.9,
2023-07-21,32.7,28.3,39.5,0,,145,3.8,,1009.9,
2023-07-22,33.5,27.6,39.4,0,,158,3,,1013.4,
2023-07-23,34.4,28.6,41.6,0,,263,4.5,,1013.2,
2023-07-24,33.1,29.1,37.5,0,,26,7.4,,1012.9,
2023-07-25,31.6,26.4,37.6,0,,119,4.3,,1010.7,
2023-07-26,32.7,27.5,38.1,0,,309,5.5,,1005.7,
2023-07-27,31.9,28.6,35.8,0,,350,10.4,,1006.4,
2023-07-28,29.1,26.1,32.6,0,,58,8.5,,1013.2,
2023-07-29,28.9,24.2,34,0,,87,5.5,,1011.4,
2023-07-30,30.2,25.4,35.1,0,,20,6.9,,1010.1,
2023-07-31,30.3,25.9,36.2,0,,48,6.6,,1007.2,
2023-08-01,30.3,26.2,36.1,0,,43,7,,1008.2,
2023-08-02,28.6,25.9,36.2,0,,164,6.2,,1008.7,
2023-08-03,27.2,16,33.5,0,,153,5,,1009.5,
2023-08-04,32.4,25,37.9,0,,159,3.8,,1009.2,
2023-08-05,30.6,25.9,37.8,0,,128,6.4,,1006.3,
2023-08-06,29.4,26.7,33,0,,299,14.8,,1004.9,
2023-08-07,28.2,23.7,35.9,0,,261,9.4,,1008.7,
2023-08-08,28.8,24.4,34.5,0,,1,9.4,,1009.2,
2023-08-09,28.8,24.6,32.6,0,,14,13.3,,1012.9,
2023-08-10,27.2,23.6,34.3,0,,17,7.6,,1013.8,
2023-08-11,26.7,22.9,30.8,0,,14,8.8,,1015.9,
2023-08-12,27.5,22.9,31.5,0,,1,14.5,,1014.6,
2023-08-13,26.9,24.6,31.1,0,,3,14,,1013.2,
2023-08-14,27.6,24.6,32.7,0,,349,7.5,,1013.3,
2023-08-15,29.1,23.5,35.5,0,,277,6,,1013.7,
2023-08-16,29.3,24,36.8,0,,233,6,,1011.9,
2023-08-17,29.9,24.9,35.9,0,,341,6.9,,1009.9,
2023-08-18,31.2,26.2,38,0,,345,6.2,,1009.7,
2023-08-19,31.4,26.2,37.5,0,,350,8.1,,1010.1,
2023-08-20,30.7,25.9,35.5,0,,0,11.5,,1010.7,
2023-08-21,32.9,28.6,37.4,0,,2,17.2,,1010.3,
2023-08-22,33.7,30,37,0,,6,17.2,,1010.1,
2023-08-23,33,30,37.1,0,,15,12.4,,1011,
2023-08-24,32.3,27.7,37.2,0,,2,10.1,,1011.6,
2023-08-25,30.8,26,36.2,0,,355,8.3,,1011.5,
2023-08-26,31.3,28.5,35.9,0,,355,8,,1010.1,
2023-08-27,30.9,25.6,35.4,0,,358,6.7,,1009.1,
2023-08-28,28.7,24.2,34.4,0,,167,4.4,,1008.9,
2023-08-29,29.1,24,34.1,0,,120,5.9,,1005.7,
2023-08-30,28.8,24.7,34.7,0,,294,11.2,,1006.7,
2023-08-31,27.6,24.4,32,0,,297,12.7,,1012,
2023-09-01,26.9,23.2,31,0,,301,6.3,,1015,
2023-09-02,27.6,20.3,33.3,0,,348,8.7,,1015.6,
2023-09-03,28.4,24.9,32.7,0,,357,12.1,,1015.5,
2023-09-04,25.3,23.1,30,0,,356,10.3,,1009.9,
2023-09-05,23.6,21.3,26.2,0,,31,8.4,,1007.2,
2023-09-06,20.6,12.4,26,0,,66,9.9,,1011.1,
2023-09-07,21.2,14.6,26.1,83.1,,25,9.2,,1013.1,
2023-09-08,25.4,23,27.7,1,,4,18.1,,1012.4,
2023-09-09,25.1,23,28.2,0,,8,17.2,,1012.6,
2023-09-10,25.1,22.5,28.1,0,,351,15.8,,1012.8,
2023-09-11,23.9,21.8,27,0,,8,15.9,,1012.6,
2023-09-12,24.6,20.2,30.3,0,,0,10.6,,1014.9,
2023-09-13,25.5,20.1,31.5,0,,354,6.6,,1016.6,
2023-09-14,24.7,20.2,31.3,0,,179,4.2,,1015.8,
2023-09-15,26.2,20.8,32.4,0,,88,3.8,,1015.4,
2023-09-16,26.9,21.2,33.1,0,,42,6.3,,1016.1,
2023-09-17,26.5,23.5,30.6,0,,8,9.8,,1016.6,
2023-09-18,24.7,22.7,28.1,0,,359,11.7,,1015.8,
2023-09-19,24.7,22,28.4,0,,356,10.6,,1015.1,
2023-09-20,25.6,19.8,30.6,0,,282,3.7,,1015.8,
2023-09-21,25.2,22.3,30.4,0,,66,3.7,,1015.9,
2023-09-22,26.1,20.9,31.5,0,,104,3.7,,1016.3,
2023-09-23,26.9,22.4,33.2,0,,119,3.5,,1015.5,
2023-09-24,26.3,21.4,32.1,0,,126,4,,1012.1,
2023-09-25,25.8,23.4,30.6,0,,321,7.9,,1010.5,
2023-09-26,24.8,22.1,28.9,0,,13,8.1,,1010.8,
2023-09-27,21.3,18.1,25.4,13.5,,338,5.6,,1011.8,
2023-09-28,21.8,20.2,27.7,0,,330,6.1,,1014.5,
2023-09-29,22,18.6,28.1,3.6,,355,5.6,,1017.6,
2023-09-30,23.3,19.3,27.5,0,,328,6.4,,1016.7,
2023-10-01,24.1,19.8,29.2,0,,334,5.9,,1016.7,
2023-10-02,23.1,19.7,26.9,0,,352,7,,1019,
2023-10-03,21.7,19.9,25.3,0,,3,11.2,,1022.2,
2023-10-04,21,17.1,26.6,0,,353,5.4,,1022.2,
2023-10-05,21.8,17.3,26.9,0,,22,5.5,,1021.6,
2023-10-06,22.6,17.3,28.6,0,,0,4.7,,1020.3,
2023-10-07,22.8,19.9,27.3,0,,356,10.2,,1020.3,
2023-10-08,22.3,17.4,28.3,0,,293,4.1,,1018,
2023-10-09,22.9,18.1,28.9,0,,3,7.8,,1018.8,
2023-10-10,22.4,18,28.1,0,,40,4.4,,1018.6,
2023-10-11,21.2,19.3,24.1,0,,9,9.4,,1021.2,
2023-10-12,20,17.3,24,0,,13,9,,1021.3,
2023-10-13,20,15.2,26,0,,338,3,,1020.5,
2023-10-14,21.4,17.8,27.2,0,,118,4.7,,1016.7,
2023-10-15,21.6,18.1,27,0,,77,4.2,,1012.4,
2023-10-16,22.3,19,28.1,0,,347,6.2,,1012.8,
2023-10-17,20.3,17.9,25.7,0,,50,4.9,,1017.9,
2023-10-18,19.6,17.5,25.2,1.3,,37,6.7,,1015,
2023-10-19,20.3,17.7,25.2,0,,113,5.6,,1016.8,
2023-10-20,21.7,18.5,26.5,0,,150,5,,1015.4,
2023-10-21,23.1,19.6,28,0,,138,5.2,,1017.1,
2023-10-22,23.1,20.4,27.9,0,,138,5.5,,1017.3,
2023-10-23,22.2,19.1,27.1,0,,164,3.7,,1016.9,
2023-10-24,22.3,19,28.2,0,,129,3.4,,1016.4,
2023-10-25,22.1,19.3,26.3,0,,122,3.7,,1013.4,
2023-10-26,23,21.1,25.7,0,,140,5.8,,1010,
2023-10-27,22.6,18.7,27.1,0,,212,4.4,,1009.4,
2023-10-28,23.4,19.9,29.5,0,,353,4,,1011.2,
2023-10-29,22.8,19.8,27.5,0,,329,4.3,,1014.8,
2023-10-30,21.3,18.1,27.2,0,,42,4.2,,1017.9,
2023-10-31,21.8,18.5,27.2,0,,131,4.4,,1017.2,
2023-11-01,22.7,19.3,27.3,0,,346,3.6,,1014.2,
2023-11-02,21.8,20.1,25.9,0,,319,5.4,,1011.4,
2023-11-03,22.2,17.8,27.7,0,,147,6.8,,1009.1,
2023-11-04,22.9,20.3,28.6,0,,178,13.1,,1005.3,
2023-11-05,20.9,17,25.5,0,,286,6.4,,1010.9,
2023-11-06,21.7,19,26.8,0,,309,5.5,,1014.9,
2023-11-07,21.1,17.8,26.5,0,,337,3.3,,1019.7,
2023-11-08,20.7,16.8,25.8,0,,13,3.7,,1018.1,
2023-11-09,19.4,17.6,22.9,0,,45,6.3,,1017.8,
2023-11-10,17.8,14.6,21.5,0,,105,4.7,,1017.3,
2023-11-11,20.4,15.7,25.8,10.9,,227,9.9,,1011.4,
2023-11-12,19.4,16.5,23.7,0,,293,5.8,,1014,
2023-11-13,19.4,15.9,23.2,4.7,,337,6.1,,1014,
2023-11-14,18.3,14.5,23.7,0,,118,3.7,,1018.2,
2023-11-15,20,16.7,23.6,0,,305,5.6,,1013.3,
2023-11-16,19.1,16.2,23.2,0,,7,5.8,,1016.7,
2023-11-17,18.8,15.6,23,0,,242,5.1,,1015.3,
2023-11-18,16.6,12.8,20.9,0.6,,308,13.7,,1008.4,
2023-11-19,12.1,9.5,15.9,0,,335,9.9,,1015.7,
2023-11-20,14.4,10.5,20.3,0,,22,4.3,,1016.3,
2023-11-21,15.9,12.2,19.8,0,,89,4.3,,1014,
2023-11-22,18.7,15,23.7,0,,144,8,,1011.7,
2023-11-23,19.4,17.2,24.8,0.8,,83,6.2,,1016.2,
2023-11-24,18,15.9,22.8,0,,118,3.5,,1009.6,
2023-11-25,17.1,12.6,21.3,14.5,,195,12.9,,993.7,
2023-11-26,11.9,8.2,16,0.5,,312,20,,1002.1,
2023-11-27,10.4,5.8,15,0.5,,315,6.1,,1018.5,
2023-11-28,17.4,9.9,20,0,,184,12,,1009.9,
2023-11-29,19.1,16.8,21.7,0,,229,11,,1007.5,
2023-11-30,16.4,13.8,21.2,0,,315,4,,1016.6,
2023-12-01,17,13.8,22.8,0,,291,4.2,,1019,
2023-12-02,18.2,14.8,20.9,0,,140,7.3,,1015.7,
2023-12-03,19.1,17.1,22.3,0,,164,8.4,,1014,
2023-12-04,16.4,14.3,19.2,0,,38,6.9,,1016.9,
2023-12-05,15,12.9,18,0,,39,5.2,,1016.9,
2023-12-06,15.3,13.5,18,8.9,,347,7.5,,1009.4,
2023-12-07,14.7,12.9,17.4,1,,349,3.6,,1012.2,
2023-12-08,11.4,9.7,13.1,0,,325,10.7,,1012.5,
2023-12-09,9.9,7.7,13,0,,353,7.8,,1015.6,
2023-12-10,12.1,7.9,16.5,2.8,,28,3.3,,1016.8,
2023-12-11,12.8,10.7,15.9,2.8,,3,5.6,,1015.8,
2023-12-12,14.4,10.9,19.4,0,,355,5.9,,1015.6,
2023-12-13,14.3,11.1,20.9,0,,95,3.8,,1015.2,
2023-12-14,17.4,13.9,20.9,0,,151,7.4,,1012.4,
2023-12-15,18.8,16.7,21.4,0,,156,8.7,,1013.1,
2023-12-16,12.8,10,17.4,4.9,,357,13,,1018.7,
2023-12-17,9.9,8.6,10.8,0,,8,15.2,,1033.3,
2023-12-18,10.3,7.6,14.7,0,,338,9.1,,1031.1,
2023-12-19,12.4,8,20.8,0,,355,4.3,,1024.9,
2023-12-20,13,9.9,16.9,0,,86,3.8,,1016.1,
2023-12-21,12.7,10.5,15.5,15.5,,357,4.4,,1007.1,
2023-12-22,13.9,9.9,17.3,0,,295,8.4,,1003.5,
2023-12-23,14.8,9.6,19.2,0,,313,8.6,,1009.3,
2023-12-24,15.6,13.2,20.5,0,,341,4.7,,1015.2,
2023-12-25,14.3,11.1,19.4,0,,357,3.2,,1018.4,
2023-12-26,14.7,11.5,19.7,0.1,,109,3.7,,1020.7,
2023-12-27,14.3,10.8,18.6,0,,12,3,,1022.4,
2023-12-28,13.6,10,17.8,0,,12,3.8,,1027,
2023-12-29,13.6,11,18.3,0,,30,2.7,,1023.2,
2023-12-30,13.6,10.9,17.2,0,,11,2.8,,1020.6,
2023-12-31,13.1,10,16.2,0,,37,2.5,,1020,
